reputation,opportunities,safety,happiness,internet,location,facilities,clubs,food,social,school_id
4,4,3,1,4,2,5,3,4,1,uoft
5,4,4,3,4,5,4,4,4,4,uoft
5,5,4,4,5,5,4,4,3,4,uoft
5,5,5,4,5,5,5,5,5,5,uoft
5,4,2,2,5,5,4,3,3,2,uoft
5,4,2,3,5,5,5,5,5,2,uoft
3,3,1,1,1,1,2,2,1,1,uoft
5,4,3,2,4,5,5,2,4,2,uoft
5,4,3,1,4,4,3,3,2,2,uoft
5,5,5,4,4,5,5,5,4,5,uoft
5,3,4,1,4,5,2,3,3,1,uoft
5,5,4,3,4,5,5,3,3,4,uoft
5,4,5,3,5,5,4,4,4,4,uoft
5,4,4,1,5,5,3,5,3,5,uoft
5,4,3,1,1,5,3,3,2,3,uoft
5,5,4,3,2,5,3,3,2,2,uoft
5,5,4,2,3,5,2,2,2,1,uoft
5,1,4,1,5,4,2,3,2,4,uoft
1,1,1,1,1,1,1,1,1,1,uoft
4,3,2,1,5,4,4,3,2,1,uoft
5,4,4,3,3,3,4,2,3,3,uoft
5,4,4,1,4,4,3,3,2,1,uoft
4,4,1,1,5,4,3,5,1,1,uoft
4,4,4,2,4,4,4,2,1,1,uoft
4,3,5,1,4,5,4,2,4,2,uoft
5,5,4,2,3,5,5,2,2,1,uoft
5,5,3,3,5,5,4,2,3,3,uoft
5,5,5,5,5,5,5,5,5,5,uoft
5,5,5,4,5,5,4,5,4,4,uoft
5,4,5,5,5,5,4,5,4,5,uoft
4,3,3,1,4,5,3,3,1,1,uoft
3,4,4,3,3,4,3,4,1,4,uoft
5,5,5,3,4,5,3,2,2,2,uoft
5,5,5,5,5,5,5,5,5,5,uoft
5,3,3,2,2,4,3,2,2,2,uoft
1,1,1,1,1,1,1,1,1,1,uoft
5,5,5,5,5,5,3,3,2,3,uoft
4,1,5,1,5,5,1,1,1,1,uoft
5,5,5,5,4,5,4,4,3,4,uoft
4,4,4,3,3,5,2,3,2,1,uoft
4,2,3,1,4,4,3,1,2,2,uoft
4,2,2,2,3,4,3,2,1,1,uoft
5,4,4,4,5,4,4,4,4,4,uoft
3,3,4,1,5,4,4,3,1,2,uoft
4,3,3,2,3,3,3,2,1,2,uoft
4,3,2,1,2,4,1,3,1,1,uoft
5,5,4,3,3,5,5,2,4,2,uoft
4,3,4,1,2,5,5,2,2,2,uoft
5,5,5,5,5,5,5,5,5,5,uoft
5,4,5,4,2,5,5,3,2,2,uoft
5,5,5,1,3,5,5,1,2,3,uoft
1,1,3,1,1,1,1,1,1,2,uoft
3,1,2,1,3,1,1,2,1,1,uoft
3,3,1,2,1,5,2,4,2,2,uoft
4,2,2,2,2,2,2,3,1,4,uoft
5,3,3,3,3,4,3,3,1,2,uoft
5,3,4,4,3,4,4,3,2,3,uoft
1,1,1,1,1,1,1,1,1,1,uoft
4,5,3,1,5,5,3,3,3,2,uoft
4,3,1,1,3,3,2,3,1,1,uoft
5,4,3,4,5,5,4,4,3,4,uoft
5,5,5,3,5,5,5,5,5,5,uoft
5,4,4,3,3,5,3,2,2,3,uoft
5,5,2,5,5,5,5,5,3,5,uoft
5,5,4,5,5,5,5,5,4,5,uoft
5,5,5,4,4,5,5,4,3,4,uoft
5,3,4,3,3,3,4,3,3,3,uoft
1,1,1,1,1,1,1,1,1,1,uoft
4,5,5,4,4,4,3,3,1,3,uoft
5,4,4,1,5,4,4,3,3,1,uoft
2,2,1,1,2,2,3,2,1,1,uoft
1,1,2,1,2,3,1,3,1,1,uoft
5,4,3,1,3,5,3,2,2,2,uoft
4,3,5,4,4,3,5,2,4,2,uoft
5,4,4,4,5,5,5,4,5,4,uoft
1,1,3,2,3,2,2,1,1,2,uoft
3,2,2,1,3,2,1,2,3,2,uoft
5,5,4,5,5,5,4,4,5,4,uoft
5,2,1,1,3,3,4,1,1,1,uoft
1,1,1,1,1,1,1,1,1,1,uoft
2,2,2,2,3,4,3,2,1,2,uoft
4,4,4,2,5,4,4,4,3,3,uoft
5,5,3,2,5,5,5,5,3,2,uoft
4,3,4,3,4,3,3,4,3,3,uoft
4,3,2,1,3,5,4,2,1,1,uoft
4,2,2,1,1,1,3,1,1,1,uoft
1,2,2,1,1,3,1,2,3,1,uoft
5,4,2,3,2,5,2,1,1,1,uoft
3,2,2,1,4,2,4,2,1,1,uoft
5,4,2,1,4,5,4,4,4,4,uoft
5,3,1,1,2,1,2,2,4,3,uoft
3,2,3,1,3,3,3,2,1,1,uoft
5,4,4,3,3,4,3,3,3,2,uoft
5,5,3,3,3,4,5,5,4,5,uoft
5,5,4,5,4,5,4,4,4,5,uoft
4,2,4,3,3,4,4,3,2,1,uoft
5,5,4,3,3,4,5,5,4,3,uoft
3,2,2,1,2,3,2,2,3,1,uoft
5,3,3,1,2,5,2,3,1,1,uoft
5,5,4,1,3,5,4,5,2,3,uoft
5,5,3,3,4,5,5,4,4,4,uoft
4,3,1,1,1,4,3,1,2,2,uoft
5,3,5,1,3,4,2,1,1,1,uoft
4,2,4,1,3,3,4,4,3,3,uoft
1,1,1,1,1,1,1,1,1,1,uoft
5,5,5,5,5,5,5,5,5,5,uoft
4,5,4,3,3,5,4,5,4,3,uoft
5,1,1,1,1,5,1,1,1,1,uoft
5,2,4,3,4,4,4,4,3,3,uoft
5,3,4,3,4,3,3,4,4,3,uoft
5,5,5,5,5,5,5,4,4,4,uoft
5,4,4,2,3,5,3,4,3,3,uoft
5,4,5,5,3,4,5,4,3,3,uoft
4,5,5,5,5,4,5,5,5,5,uoft
1,1,1,1,1,1,1,1,1,1,uoft
2,1,2,1,3,1,1,2,1,3,uoft
5,5,3,1,5,4,5,2,5,2,uoft
5,4,4,1,4,4,4,3,2,2,uoft
5,3,4,1,3,4,3,3,3,1,uoft
4,3,4,3,5,4,3,3,3,4,uoft
3,2,3,1,3,5,1,3,1,3,uoft
5,5,4,3,3,4,3,5,3,3,uoft
5,5,5,5,5,5,5,5,5,5,uoft
5,5,5,5,5,5,5,5,5,5,uoft
5,4,3,3,3,4,4,3,4,3,uoft
4,3,4,3,4,4,4,3,4,2,uoft
1,1,1,1,1,1,1,1,1,1,uoft
4,1,3,1,3,4,3,2,3,1,uoft
5,3,4,1,3,4,3,2,2,2,uoft
5,2,3,2,3,3,3,4,3,3,uoft
5,4,2,1,1,5,2,4,2,1,uoft
5,5,4,5,4,5,4,4,3,5,uoft
5,1,2,1,3,4,2,2,3,1,uoft
4,1,1,1,5,1,4,1,2,2,uoft
5,4,3,3,3,4,4,4,4,1,uoft
5,5,5,1,5,3,2,5,3,3,uoft
5,3,4,1,5,5,5,3,3,1,uoft
5,5,4,2,4,5,4,4,3,2,uoft
4,2,2,1,3,3,3,2,2,1,uoft
5,4,4,3,4,3,4,4,2,3,uoft
5,2,3,3,1,5,1,3,3,1,uoft
4,1,1,1,2,2,1,2,1,1,uoft
3,2,3,3,2,3,3,3,3,3,uoft
5,3,4,5,4,3,4,5,3,2,uoft
5,3,0,3,4,4,3,3,3,3,uoft
5,5,0,3,3,5,4,4,4,1,uoft
4,4,0,4,4,5,4,4,3,4,uoft
4,3,0,2,3,4,4,4,3,2,uoft
1,1,0,1,1,1,1,1,1,1,uoft
3,2,0,5,4,3,3,4,2,4,uoft
1,3,0,3,3,3,3,3,3,3,uoft
5,5,0,5,5,5,5,5,5,5,uoft
5,5,0,5,4,5,5,4,4,4,uoft
5,5,0,5,5,5,5,5,3,4,uoft
4,3,0,5,4,5,4,4,3,3,uoft
5,3,0,1,3,5,4,1,3,1,uoft
3,2,0,3,1,2,2,2,1,1,uoft
5,5,0,5,5,5,5,5,5,5,uoft
2,1,0,1,5,3,2,4,5,2,uoft
5,5,0,5,3,5,5,4,4,5,uoft
5,5,0,5,5,5,5,5,3,2,uoft
5,5,0,5,4,3,5,5,2,5,uoft
1,1,0,1,1,1,1,1,1,1,uoft
5,1,0,5,1,5,3,3,3,3,uoft
5,4,0,5,4,5,5,4,4,4,uoft
5,5,0,5,5,5,5,5,5,5,uoft
1,1,0,1,1,1,2,1,1,1,uoft
4,3,0,5,3,5,4,3,1,3,uoft
5,5,0,5,4,5,5,5,5,5,uoft
1,1,0,1,1,1,1,1,1,1,uoft
3,3,0,3,1,5,5,3,2,2,uoft
4,4,0,5,2,5,5,4,2,3,uoft
5,5,0,5,5,5,5,5,5,5,uoft
5,5,0,5,4,5,5,3,5,3,uoft
5,4,0,5,3,4,4,5,2,3,uoft
5,4,5,2,4,5,5,3,2,2,utm
4,4,5,1,2,3,2,3,2,2,utm
5,4,5,5,3,5,4,4,3,4,utm
4,3,4,3,3,4,3,3,2,3,utm
1,1,5,1,1,5,1,1,1,1,utm
5,4,5,3,3,5,4,3,2,2,utm
4,2,5,1,3,3,2,1,1,4,utm
5,1,3,4,3,2,2,1,1,1,utm
5,3,2,1,3,4,2,1,1,1,utm
5,4,5,5,4,4,5,4,4,4,utm
5,3,5,4,3,4,4,3,2,3,utm
5,5,5,3,3,3,5,4,4,2,utm
5,5,5,2,3,4,5,2,1,2,utm
4,3,5,4,4,5,5,3,4,3,utm
5,3,5,3,3,5,4,3,3,2,utm
5,4,5,3,1,3,2,3,2,3,utm
4,4,4,5,2,3,4,3,3,3,utm
5,3,5,2,4,5,3,2,2,1,utm
5,3,5,2,3,5,5,1,1,1,utm
5,3,5,2,2,2,2,1,1,2,utm
2,2,4,2,1,2,2,2,2,2,utm
4,2,4,2,2,2,4,1,2,1,utm
5,3,5,4,2,4,4,3,3,4,utm
3,3,3,2,1,4,2,2,2,1,utm
4,3,4,3,2,3,5,2,3,3,utm
3,1,2,1,2,1,3,1,1,1,utm
5,2,3,1,1,2,2,1,1,1,utm
1,1,4,1,3,2,3,3,1,3,utm
4,3,3,1,1,3,3,1,1,1,utm
4,5,5,3,4,5,4,4,2,2,utm
5,3,4,3,5,4,5,3,5,2,utm
4,4,5,2,4,2,3,2,2,1,utm
5,4,5,4,4,2,3,4,2,4,utm
5,1,3,2,1,2,2,1,1,1,utm
4,4,5,3,1,3,4,2,2,2,utm
1,2,4,3,3,1,3,1,2,4,utm
4,2,4,1,1,3,2,1,1,1,utm
5,5,5,4,3,5,4,4,4,3,utm
4,3,2,1,2,5,4,2,3,1,utm
4,4,5,2,1,2,3,1,1,1,utm
4,5,3,1,4,5,5,3,4,5,utm
3,3,5,2,4,2,4,1,1,2,utm
2,1,4,2,2,2,1,1,1,1,utm
4,3,5,2,3,1,2,3,2,2,utm
5,5,5,5,5,5,5,5,3,5,utm
5,3,4,3,5,4,4,3,3,3,utm
5,4,4,3,4,3,3,1,2,2,utm
5,5,5,5,3,5,5,3,3,5,utm
4,3,3,1,3,4,3,3,3,1,utm
4,3,4,2,2,3,2,1,2,1,utm
5,5,5,3,4,5,5,3,1,3,utm
4,4,5,4,5,4,5,4,4,5,utm
4,4,4,5,2,5,5,3,4,4,utm
4,3,5,3,1,4,4,1,1,3,utm
5,4,3,3,1,3,4,4,1,4,utm
3,3,4,5,3,4,4,4,3,5,utm
5,5,5,5,5,5,5,5,5,5,utm
5,3,5,5,4,3,4,3,4,4,utm
1,1,5,2,4,3,4,3,2,1,utm
4,4,5,5,2,5,4,4,3,4,utm
5,3,4,1,3,4,4,1,3,1,utm
4,3,5,3,2,4,3,2,4,2,utm
4,4,5,3,3,4,3,4,3,1,utm
3,4,5,3,3,4,3,5,2,3,utm
4,3,5,4,3,3,5,2,2,2,utm
5,5,5,5,1,5,5,5,5,5,utm
5,1,5,1,1,2,1,1,1,1,utm
5,4,5,5,3,5,3,4,3,3,utm
5,4,4,1,2,4,3,2,3,3,utm
5,3,5,3,1,3,4,1,3,2,utm
4,3,5,3,1,4,5,4,3,3,utm
3,2,4,1,1,3,4,4,3,3,utm
4,2,5,3,3,3,5,1,3,1,utm
5,3,4,4,4,4,4,4,3,2,utm
3,2,4,1,2,4,2,2,3,1,utm
4,3,4,3,4,3,4,2,1,2,utm
4,4,4,4,4,3,3,3,1,1,utm
5,5,5,5,5,5,5,5,5,5,utm
4,2,4,5,1,4,3,3,3,2,utm
5,3,5,1,1,3,5,4,1,1,utm
5,5,5,5,3,5,5,4,3,5,utm
2,2,4,1,2,3,2,3,3,1,utm
5,3,5,5,5,4,3,2,3,5,utm
5,4,5,2,3,4,3,1,2,2,utm
5,4,5,5,5,5,4,5,2,5,utm
5,4,5,4,4,4,4,2,3,4,utm
5,4,5,3,3,5,3,1,2,1,utm
4,3,5,5,2,3,3,3,3,4,utm
5,5,5,5,3,4,5,3,4,5,utm
4,4,4,4,5,5,5,5,4,5,utm
5,1,2,2,1,3,2,1,1,1,utm
5,4,5,5,5,5,3,4,3,3,utm
5,4,5,5,2,4,4,4,3,3,utm
5,5,4,5,5,5,5,5,5,5,utm
4,2,5,1,2,1,2,2,1,2,utm
3,3,5,4,3,4,3,3,2,3,utm
4,4,4,3,4,4,4,1,2,1,utm
5,3,5,3,3,4,4,2,4,2,utm
5,5,4,3,1,5,1,3,1,1,utm
5,2,5,2,2,4,2,1,1,1,utm
4,4,5,4,3,4,4,4,2,3,utm
5,4,4,4,4,4,4,3,3,3,utm
5,4,5,5,2,5,4,3,1,3,utm
5,4,5,4,4,3,4,4,3,5,utm
5,4,5,4,4,3,4,3,3,5,utm
5,4,5,4,3,5,4,3,1,3,utm
4,4,5,3,4,5,5,2,4,3,utm
3,4,4,3,2,3,3,1,1,3,utm
4,1,3,1,3,3,2,1,1,1,utm
4,4,5,5,5,3,5,4,4,4,utm
3,3,4,2,2,3,3,2,3,1,utm
4,3,5,3,3,4,4,2,3,3,utm
4,3,4,4,3,4,2,4,3,3,utm
4,4,5,5,4,5,5,4,5,4,utm
5,4,4,4,5,5,4,3,4,3,utm
4,3,4,1,3,3,3,3,2,2,utm
3,2,3,3,3,2,3,2,3,3,utm
5,4,5,1,1,3,2,2,1,1,utm
5,5,4,3,2,4,4,3,1,2,utm
4,3,4,5,5,3,4,2,3,3,utm
5,5,5,5,5,4,5,2,3,5,utm
4,3,3,1,1,3,1,1,1,1,utm
5,3,4,3,2,4,3,3,2,3,utm
5,1,5,1,1,1,1,1,1,1,utm
2,2,4,2,4,4,1,1,1,1,utm
3,3,4,4,3,3,4,1,1,1,utm
3,4,5,3,3,3,3,3,1,2,utm
5,4,5,4,4,3,4,4,2,4,utm
5,4,5,4,4,3,5,2,1,3,utm
5,4,5,4,1,4,3,4,3,4,utm
5,4,4,3,3,5,3,4,3,3,utm
5,4,5,4,4,4,5,3,3,3,utm
5,4,5,5,4,4,5,2,1,5,utm
3,3,3,1,3,4,3,3,2,1,utm
5,4,5,3,4,3,4,4,2,3,utm
4,4,5,3,3,2,5,4,3,3,utm
4,3,5,2,2,3,3,3,3,1,utm
5,3,5,4,3,5,4,3,3,2,utm
5,4,4,3,4,3,5,3,3,3,utm
5,3,5,4,4,4,3,2,3,2,utm
5,4,5,4,3,4,4,4,3,3,utm
5,3,3,3,1,2,3,1,2,1,utm
4,3,4,3,2,4,2,2,2,2,utm
5,4,3,5,4,4,4,4,3,4,utm
5,5,5,5,4,5,4,4,3,4,utm
4,5,5,3,1,2,4,4,1,3,utm
5,3,4,2,2,3,4,1,2,1,utm
3,3,4,4,1,4,4,4,3,2,utm
4,3,3,5,2,3,4,3,1,2,utm
5,5,1,1,2,1,5,1,3,5,utm
5,4,4,4,5,2,5,4,4,4,utm
3,4,4,4,3,4,3,4,3,4,utm
4,4,0,3,4,4,4,5,3,3,utm
5,3,0,4,3,4,4,3,3,2,utm
4,3,0,5,3,5,4,5,3,3,utm
4,3,0,4,4,5,4,3,3,3,utm
4,1,0,1,1,1,2,2,1,1,utm
5,3,0,1,1,3,3,2,1,1,utm
5,3,0,3,2,3,5,3,5,3,utm
5,5,5,3,5,5,4,3,3,5,utsc
5,1,4,3,3,3,4,2,3,2,utsc
5,4,4,1,2,1,1,2,1,1,utsc
4,4,5,2,1,2,4,4,1,1,utsc
3,2,3,2,3,1,1,3,1,1,utsc
4,3,3,1,3,4,3,3,2,3,utsc
5,5,4,5,5,5,5,4,3,4,utsc
5,5,4,3,5,4,3,2,1,3,utsc
5,5,5,5,5,5,5,5,3,4,utsc
4,1,3,5,5,4,2,2,2,3,utsc
1,1,5,2,5,1,4,5,2,5,utsc
5,1,4,1,2,2,3,1,1,1,utsc
5,5,5,5,5,4,5,3,3,3,utsc
5,5,3,3,5,5,5,4,4,2,utsc
5,5,3,1,5,5,5,4,2,1,utsc
4,2,1,1,2,3,2,2,1,2,utsc
3,1,2,1,4,1,1,1,1,1,utsc
4,2,2,4,3,2,2,4,1,4,utsc
4,1,4,3,5,2,1,1,2,1,utsc
4,4,5,5,5,4,4,4,1,5,utsc
3,1,5,1,4,2,1,1,1,1,utsc
4,3,3,4,4,3,3,3,2,5,utsc
1,1,2,1,5,1,3,1,2,1,utsc
5,3,3,1,1,2,1,1,1,1,utsc
1,1,1,1,5,1,1,1,1,1,utsc
4,3,3,1,4,2,1,3,3,1,utsc
5,3,4,3,3,3,3,3,3,2,utsc
4,4,4,5,5,4,3,4,3,3,utsc
4,4,4,4,4,4,4,4,4,4,utsc
4,4,4,3,3,2,3,3,3,3,utsc
4,1,3,1,3,3,2,1,2,1,utsc
4,2,3,2,1,2,2,3,2,1,utsc
4,3,4,1,2,2,2,2,3,1,utsc
4,3,3,3,3,2,1,3,1,1,utsc
4,4,3,3,3,2,4,4,1,4,utsc
5,4,4,5,4,4,3,4,4,2,utsc
4,3,3,1,3,3,2,3,1,1,utsc
4,5,4,5,5,3,5,4,3,4,utsc
4,2,2,1,3,2,1,1,1,1,utsc
2,3,3,3,3,2,2,4,1,2,utsc
5,4,5,4,4,3,4,4,4,4,utsc
4,4,4,5,4,4,5,4,2,3,utsc
3,3,4,3,3,2,2,2,3,2,utsc
3,4,3,4,2,3,3,4,2,4,utsc
4,4,3,4,3,1,3,4,3,2,utsc
2,3,2,1,3,1,1,4,1,1,utsc
5,5,3,3,3,3,2,5,3,2,utsc
4,3,4,4,4,3,3,3,1,3,utsc
5,4,4,4,2,3,2,3,3,1,utsc
4,3,3,3,3,3,4,3,3,3,utsc
2,3,1,1,2,1,1,1,1,1,utsc
5,3,4,4,4,3,3,2,2,1,utsc
3,3,3,1,3,2,1,1,1,1,utsc
5,4,5,4,3,3,4,3,3,3,utsc
4,2,3,2,2,2,1,1,1,1,utsc
5,1,4,1,2,1,1,1,3,1,utsc
3,3,4,3,1,2,1,4,1,4,utsc
5,1,5,1,5,1,1,4,3,2,utsc
4,3,5,4,3,4,5,4,4,3,utsc
5,4,4,3,4,2,4,4,3,1,utsc
4,4,5,5,4,3,4,3,3,3,utsc
5,3,4,3,3,3,3,3,3,2,utsc
5,2,1,1,3,1,1,2,1,1,utsc
4,3,4,1,1,2,1,2,1,1,utsc
4,4,4,3,3,3,3,4,1,2,utsc
5,5,5,5,5,5,5,5,4,5,utsc
5,3,4,1,3,3,3,3,3,2,utsc
5,4,4,2,3,5,4,4,4,3,utsc
5,5,5,1,3,5,2,1,1,1,utsc
5,3,2,3,2,3,4,2,2,2,utsc
5,3,5,2,1,2,3,3,3,2,utsc
5,5,5,3,3,4,5,5,3,3,utsc
5,4,4,1,2,4,3,2,3,2,utsc
3,2,3,2,2,2,3,1,3,1,utsc
4,3,4,3,2,3,1,3,2,3,utsc
5,4,3,4,2,3,4,4,2,4,utsc
4,2,4,1,2,2,2,1,1,1,utsc
2,2,3,4,4,2,2,4,3,3,utsc
4,3,4,3,3,2,5,3,2,2,utsc
4,4,4,5,3,4,4,4,3,3,utsc
3,2,3,2,4,2,2,2,3,2,utsc
5,5,5,4,3,3,5,5,4,3,utsc
3,2,1,2,3,1,2,1,2,1,utsc
3,3,5,3,3,2,3,5,3,1,utsc
5,5,5,4,3,5,3,4,2,4,utsc
3,3,3,1,2,3,1,2,1,1,utsc
4,3,4,4,2,4,4,3,3,1,utsc
5,4,4,3,4,5,4,4,3,3,utsc
3,2,4,4,2,4,2,4,2,2,utsc
3,2,4,1,3,1,3,2,1,2,utsc
5,4,5,3,2,3,4,5,3,3,utsc
5,3,3,3,4,2,4,3,3,3,utsc
4,3,3,3,3,2,2,3,2,2,utsc
4,5,5,5,3,3,3,5,3,2,utsc
5,4,5,5,5,2,3,5,3,3,utsc
5,3,4,3,4,3,3,3,3,3,utsc
4,3,4,4,4,2,3,4,3,2,utsc
4,2,3,3,5,2,2,3,3,1,utsc
4,4,4,4,5,5,3,2,2,2,utsc
3,3,3,1,3,1,1,2,2,2,utsc
5,4,3,3,4,2,2,4,1,4,utsc
5,4,4,4,3,3,4,5,3,4,utsc
5,5,5,5,5,5,5,5,5,5,utsc
4,3,5,5,4,4,3,4,3,3,utsc
5,3,5,4,4,3,3,3,4,4,utsc
3,3,4,3,4,2,4,1,3,2,utsc
4,1,2,2,3,1,2,3,3,1,utsc
5,5,5,5,5,5,5,5,5,5,utsc
2,2,3,2,1,1,1,2,3,1,utsc
4,3,3,5,5,4,4,4,4,3,utsc
4,2,2,1,2,1,3,1,3,1,utsc
4,3,0,3,2,3,4,3,1,1,utsc
2,1,0,1,1,1,1,1,1,1,utsc
4,2,0,1,3,3,2,1,1,2,utsc
4,3,0,5,4,3,3,3,3,2,utsc
5,4,0,4,3,2,4,3,3,3,utsc
4,3,0,1,2,3,3,4,3,4,utsc
5,5,0,5,5,5,4,3,3,5,utsc
3,4,0,5,4,3,4,4,2,4,utsc
4,3,0,3,4,3,3,3,5,2,utsc
4,3,0,5,5,2,5,2,4,2,utsc
5,5,0,5,5,5,5,5,5,5,utsc
4,3,0,5,2,4,3,3,3,2,utsc
5,5,0,1,2,3,3,2,2,1,utsc
5,3,0,5,3,5,2,5,1,4,utsc
5,3,0,5,4,5,5,5,2,4,utsc
5,5,0,5,4,5,5,5,2,4,utsc
5,3,0,5,5,4,4,5,3,5,utsc
1,4,0,3,1,1,2,4,2,2,utsc
1,1,0,1,2,1,2,1,1,1,utsc
3,4,0,5,3,4,4,2,3,1,utsc
5,3,0,5,2,2,3,2,2,2,utsc
5,5,0,4,5,5,5,3,3,3,utsg
5,5,0,3,3,5,4,2,3,2,utsg
5,3,0,4,3,4,5,4,3,2,utsg
5,5,0,5,5,5,5,5,3,3,utsg
5,3,0,1,3,4,4,2,3,2,utsg
5,5,0,3,5,5,5,5,5,3,utsg
5,5,0,3,3,5,5,5,3,5,utsg
5,5,0,3,3,5,4,3,4,5,utsg
5,4,0,4,3,5,3,5,3,5,utsg
5,4,0,1,3,4,4,2,3,2,utsg
5,3,0,3,5,3,4,4,3,3,utsg
4,3,0,3,5,5,4,3,4,3,utsg
5,4,0,3,3,4,4,4,3,3,utsg
5,5,0,5,5,5,5,3,5,3,utsg
5,5,0,5,5,5,5,5,5,5,utsg
5,4,0,5,5,5,5,5,4,5,utsg
5,5,0,5,5,5,5,5,4,5,utsg
5,5,0,5,4,5,5,5,5,3,utsg
5,2,0,5,3,5,5,4,3,2,utsg
5,3,0,5,2,5,5,4,3,4,utsg
5,5,0,5,4,5,5,5,4,5,utsg
5,4,0,5,5,5,5,5,4,5,utsg
3,5,0,5,4,5,5,4,2,4,utsg
1,1,0,1,3,4,2,1,1,1,utsg
3,3,0,3,5,5,5,2,2,2,utsg
4,2,0,3,4,5,2,1,1,1,utsg
5,1,0,1,3,5,3,1,1,1,utsg
5,5,0,5,5,5,5,3,4,4,utsg
5,4,0,5,4,5,4,5,4,5,utsg
5,4,0,5,5,5,5,4,4,4,utsg
5,5,0,5,4,5,5,5,5,5,utsg
3,2,0,1,3,4,4,2,2,1,utsg
5,5,0,5,4,5,5,4,4,3,utsg
5,4,0,1,3,4,3,2,1,1,utsg
5,5,0,5,2,5,5,3,2,2,utsg
1,1,0,1,1,1,1,1,1,1,utsg
4,1,0,1,1,4,1,2,1,1,utsg
1,1,0,1,1,4,3,1,1,1,utsg
1,1,0,1,2,3,2,1,2,1,utsg
1,2,0,1,2,1,2,1,1,1,utsg
1,1,0,1,3,4,3,1,1,1,utsg
5,5,0,1,3,5,5,3,3,2,utsg
1,1,0,5,2,5,2,1,1,1,utsg
5,4,0,5,4,5,5,5,4,4,utsg
5,5,0,5,4,5,5,3,5,2,utsg
4,1,0,5,4,4,4,4,2,3,utsg
3,3,0,1,3,4,4,3,2,3,utsg
1,1,0,1,2,3,2,1,2,1,utsg
5,3,0,5,4,5,4,3,2,3,utsg
5,5,0,5,5,5,5,5,5,5,utsg
3,3,0,3,1,3,3,3,1,2,utsg
5,4,0,5,4,5,5,3,4,2,utsg
5,5,0,5,3,4,4,2,3,3,utsg
1,1,0,1,1,2,3,1,2,1,utsg
5,5,0,5,4,5,5,3,3,3,utsg
1,1,0,1,1,2,2,1,2,1,utsg
1,1,0,1,1,3,1,1,1,1,utsg
5,4,0,3,4,4,4,3,3,2,utsg
3,2,0,5,5,5,5,4,4,1,utsg
5,4,0,5,5,5,5,5,4,5,utsg
5,4,0,5,5,4,5,4,4,1,utsg
5,5,0,5,5,5,5,5,5,5,utsg
1,1,0,1,1,3,2,1,2,1,utsg
4,5,0,3,3,4,4,4,2,3,utsg
4,1,0,1,3,3,4,1,2,1,utsg
1,1,0,1,1,2,2,1,1,1,utsg
1,1,0,1,2,3,2,1,1,1,utsg
5,5,0,5,4,5,4,3,4,5,utsg
5,3,0,5,4,5,5,3,2,2,utsg
4,4,0,5,4,5,4,4,4,4,utsg
4,3,0,5,3,5,5,5,3,3,utsg
1,1,0,1,1,4,2,1,1,1,utsg
1,1,0,1,1,3,2,1,2,1,utsg
1,1,0,1,1,1,1,1,1,1,utsg
5,5,0,1,5,1,5,2,3,1,utsg
1,1,0,1,1,1,1,1,1,1,utsg
1,1,0,1,1,1,1,1,1,1,utsg
5,4,0,1,5,4,4,1,4,1,utsg
5,5,0,5,1,5,5,3,2,2,utsg
5,5,0,5,4,5,5,3,3,4,utsg
5,5,0,5,4,5,5,3,3,3,utsg
5,5,0,5,5,5,5,4,5,5,utsg
2,4,0,1,3,3,3,3,2,1,utsg
5,5,0,5,5,5,5,5,5,5,utsg
5,3,0,5,2,5,5,5,3,5,utsg
5,5,0,5,5,5,5,5,5,5,utsg
5,3,0,5,2,5,5,4,3,4,utsg
5,5,0,5,5,5,5,5,5,5,utsg
5,5,0,5,5,5,5,5,3,4,utsg
5,5,0,5,3,5,5,5,3,5,utsg
4,4,0,5,5,5,5,4,5,4,utsg
5,4,0,5,3,5,5,3,3,2,utsg
5,4,0,5,2,3,5,4,2,5,utsg
5,5,0,5,5,5,5,5,5,5,utsg
5,4,0,5,5,5,5,3,3,3,utsg
5,5,0,5,5,5,5,5,5,5,utsg
4,4,0,5,5,5,5,4,4,4,utsg
4,3,0,1,3,4,2,3,3,3,utsg
5,4,0,5,2,5,4,3,2,3,utsg
5,3,0,5,3,5,5,3,2,1,utsg
5,4,0,5,3,5,5,4,2,4,utsg
4,5,0,5,3,5,5,4,3,4,utsg
2,2,0,1,3,3,4,2,1,1,utsg
2,4,0,3,2,2,3,2,1,2,utsg
5,5,0,5,5,5,5,5,5,5,utsg
5,5,0,5,5,5,5,4,4,4,utsg
5,4,0,5,4,5,4,4,2,3,utsg
4,3,0,5,4,5,5,2,4,2,utsg
5,4,0,5,4,5,5,4,3,4,utsg
5,3,0,5,2,5,4,3,3,3,utsg
4,4,0,1,1,5,4,2,1,1,utsg
4,4,0,5,4,4,4,4,4,3,utsg
1,1,0,1,1,1,1,1,1,1,utsg
5,5,0,5,5,5,5,5,5,4,utsg
4,3,0,5,4,5,5,3,3,3,utsg
3,5,0,5,4,5,5,4,3,3,utsg
5,4,0,5,3,5,5,3,1,3,utsg
5,4,0,3,4,4,4,2,5,2,utsg
5,5,0,5,3,4,5,5,4,3,utsg
5,4,0,5,3,3,5,3,4,4,utsg
5,5,0,5,4,5,5,4,3,4,utsg
5,5,0,5,5,5,4,5,2,3,utsg
4,2,0,5,4,5,4,4,4,3,utsg
5,5,0,5,3,5,5,5,3,5,utsg
1,1,0,1,1,5,5,3,1,3,utsg
5,5,0,5,3,5,5,4,2,4,utsg
4,4,0,5,4,3,5,4,4,4,utsg
5,5,0,5,4,5,5,5,4,5,utsg
3,3,0,3,3,4,4,3,3,3,utsg
5,5,0,5,5,5,5,5,5,5,utsg
4,4,0,5,5,5,5,5,5,4,utsg
5,5,0,5,5,5,5,5,5,5,utsg
4,3,0,3,4,5,4,2,2,1,utsg
5,5,0,5,4,5,5,4,4,3,utsg
5,5,0,5,5,5,5,5,5,5,utsg
5,5,0,5,5,5,5,5,5,5,utsg
5,3,0,5,4,5,4,2,2,2,utsg
4,3,0,5,5,5,4,2,3,3,utsg
4,4,0,5,2,5,5,4,3,4,utsg
5,4,0,5,4,5,5,4,5,4,utsg
5,5,0,5,5,5,5,5,5,5,utsg
5,5,0,5,5,5,5,5,5,5,utsg
5,5,0,5,5,5,5,5,4,5,utsg
4,3,0,5,4,5,5,3,4,3,utsg
5,5,0,5,5,5,5,5,5,5,utsg
3,3,0,3,5,5,5,2,3,2,utsg
5,4,0,5,3,5,4,2,2,2,utsg
5,3,0,5,5,5,5,3,3,3,utsg
5,5,0,5,2,4,5,3,3,2,utsg
5,4,0,5,4,5,5,3,3,3,utsg
1,1,0,1,1,1,2,1,1,1,utsg
5,5,0,5,4,5,4,3,3,2,utsg
3,3,0,1,1,3,2,1,1,1,utsg
5,4,0,3,3,5,5,4,4,3,utsg
4,3,0,5,2,5,5,4,2,3,utsg
5,5,0,5,5,5,5,5,5,5,utsg
5,5,0,5,4,5,5,4,5,5,utsg
4,5,5,5,3,4,4,4,2,4,cc
1,1,1,1,1,1,1,1,1,1,cc
5,5,5,5,5,5,5,5,5,5,cc
5,3,4,4,3,4,4,3,3,4,cc
4,4,5,4,5,3,5,4,4,4,cc
5,5,5,5,5,5,5,5,5,5,cc
5,5,5,4,4,5,5,3,3,5,cc
1,1,3,1,3,2,3,1,1,2,cc
1,1,2,1,2,2,1,1,1,1,cc
5,4,5,5,4,5,4,3,3,5,cc
1,1,2,1,2,1,2,1,1,1,cc
3,4,4,3,3,5,4,3,5,3,cc
5,5,5,3,4,5,1,2,3,1,cc
2,2,4,2,2,3,2,2,1,2,cc
3,3,5,5,4,3,5,5,5,5,cc
4,4,5,3,4,5,3,4,3,4,cc
3,3,4,3,4,4,3,3,3,3,cc
5,5,5,5,5,5,5,5,3,5,cc
4,4,4,3,4,2,4,2,5,3,cc
5,5,5,5,5,5,5,3,5,5,cc
3,3,4,3,5,4,4,1,2,3,cc
5,5,5,5,5,5,5,5,5,5,cc
4,4,3,3,5,5,4,3,3,3,cc
2,2,2,1,2,3,3,2,1,2,cc
4,4,4,4,3,4,4,4,4,4,cc
5,5,5,5,5,5,5,5,5,5,cc
5,5,5,3,4,3,5,5,3,4,cc
4,4,4,3,5,4,4,3,4,4,cc
2,2,5,3,2,1,3,1,1,1,cc
3,2,3,2,2,3,2,2,2,2,cc
1,1,1,1,1,1,1,1,1,1,cc
3,4,5,4,2,5,4,3,3,5,cc
5,5,5,5,5,5,5,5,5,5,cc
5,5,5,5,5,5,5,5,4,5,cc
4,2,3,4,3,5,3,3,3,5,cc
3,3,3,3,3,3,3,3,3,3,cc
1,1,1,1,1,3,1,1,1,1,cc
4,4,4,4,4,4,4,4,4,4,cc
1,2,4,1,3,3,2,3,2,2,cc
3,2,2,3,4,5,3,3,4,2,cc
2,1,1,1,1,5,1,1,1,1,cc
1,1,1,1,2,1,1,2,1,2,cc
1,1,1,1,2,2,1,1,1,1,cc
1,1,3,2,2,1,2,1,1,2,cc
1,1,1,1,1,3,1,1,1,1,cc
3,1,2,1,1,1,2,2,2,1,cc
5,5,5,5,5,5,5,3,3,5,cc
5,5,5,5,5,5,5,5,5,5,cc
1,1,1,1,1,1,1,1,1,1,cc
1,1,1,1,1,1,1,1,1,1,cc
2,1,5,1,3,2,3,2,2,3,cc
3,3,5,3,4,3,4,2,3,4,cc
3,4,3,4,1,4,1,1,1,1,cc
4,5,5,3,5,3,4,2,1,1,cc
2,2,4,1,2,1,1,1,2,1,cc
4,4,5,4,3,4,3,4,3,3,cc
1,1,1,1,1,1,1,1,1,1,cc
3,2,4,2,3,2,3,1,2,3,cc
4,5,5,5,5,4,5,4,3,4,cc
1,1,1,1,1,1,1,1,1,1,cc
1,1,1,1,1,1,3,3,3,1,cc
1,1,1,1,2,1,1,3,2,1,cc
5,4,4,2,4,4,4,2,2,3,cc
3,4,5,4,5,5,4,3,4,3,cc
5,5,5,5,5,5,5,5,5,5,cc
1,1,3,1,2,1,1,1,1,1,cc
2,2,3,2,2,2,2,1,2,2,cc
4,3,4,3,4,2,4,4,3,3,cc
1,1,1,1,1,1,1,1,1,1,cc
1,1,1,1,1,1,1,1,1,1,cc
4,4,5,5,3,4,4,4,3,3,cc
5,5,5,5,5,2,5,5,5,5,cc
2,1,3,1,3,1,2,2,3,1,cc
1,1,1,1,1,1,1,2,2,1,cc
2,1,3,2,2,1,4,2,2,1,cc
2,2,4,2,3,2,3,1,2,2,cc
4,1,4,1,1,2,2,1,1,3,cc
4,5,5,4,3,5,2,3,3,4,cc
4,4,4,5,2,5,3,4,3,5,cc
3,2,3,3,1,3,4,2,2,3,cc
2,1,3,2,3,2,3,2,3,2,cc
3,3,4,1,3,3,4,3,4,3,cc
4,4,4,3,5,4,3,2,3,3,cc
3,3,0,3,3,3,3,3,3,3,cc
1,1,0,1,3,5,2,3,3,3,cc
3,3,0,3,5,4,4,2,4,3,cc
5,5,0,4,5,5,5,3,4,2,cc
3,3,0,2,4,2,3,3,3,2,cc
3,3,0,3,3,3,3,3,3,2,cc
3,2,0,2,2,2,3,1,4,2,cc
3,2,0,1,2,2,2,1,2,1,cc
1,1,0,1,5,3,4,1,3,1,cc
3,2,0,2,3,3,3,1,1,1,cc
4,3,0,4,3,3,3,1,3,5,cc
5,5,0,5,5,5,5,5,5,5,cc
3,3,0,3,2,2,3,3,3,2,cc
5,5,0,5,5,5,5,5,4,5,cc
4,4,0,4,5,4,4,4,4,5,cc
4,5,0,5,4,4,4,4,3,4,cc
3,2,0,3,3,3,3,2,3,3,cc
3,3,0,3,3,4,4,3,3,3,cc
3,3,0,3,3,4,3,2,3,2,cc
3,2,0,3,2,2,3,3,1,2,cc
3,3,0,3,4,3,4,2,3,3,cc
3,3,0,3,4,2,3,3,3,3,cc
1,3,0,1,1,3,2,3,3,3,cc
5,5,0,5,4,5,5,4,3,3,cc
1,1,0,1,1,1,2,1,1,1,cc
5,5,0,5,3,4,5,3,3,4,cc
1,1,0,1,1,1,1,1,1,1,cc
1,1,0,1,3,3,3,3,3,3,cc
2,4,0,1,2,4,4,3,3,3,cc
4,4,0,1,3,3,3,2,1,2,cc
3,3,0,5,3,3,3,3,3,3,cc
2,1,0,1,1,2,2,2,1,2,cc
1,2,0,1,1,3,2,3,2,4,cc
3,3,0,3,1,3,3,1,1,1,cc
2,2,0,1,1,2,2,2,1,2,cc
1,1,0,1,1,1,1,1,1,1,cc
5,5,0,5,5,5,5,5,5,5,cc
5,4,0,5,1,4,5,3,2,3,cc
5,4,0,5,4,3,4,4,5,5,cc
1,1,0,1,1,1,2,3,1,3,cc
3,2,0,3,1,1,4,2,2,2,cc
1,1,0,1,2,5,3,2,2,1,cc
1,1,0,1,1,1,2,1,1,1,cc
1,3,0,3,1,5,1,1,1,1,cc
1,1,0,1,1,1,1,1,1,1,cc
1,1,0,1,2,3,2,1,2,1,cc
2,2,0,1,1,1,3,2,1,2,cc
3,2,0,3,3,2,3,3,4,3,cc
5,4,0,5,5,4,4,3,3,3,cc
3,3,0,3,2,3,3,2,2,2,cc
2,3,0,1,2,4,2,1,1,1,cc
2,3,0,3,1,2,2,2,2,2,cc
2,3,0,1,1,3,3,1,2,1,cc
3,4,0,5,5,4,3,3,2,3,cc
1,1,0,1,3,1,1,1,1,1,cc
4,4,4,4,5,4,5,3,4,4,gb
2,1,3,1,2,3,2,1,2,1,gb
2,1,3,2,3,3,2,2,3,3,gb
5,5,4,5,3,5,4,2,4,3,gb
5,4,5,5,4,5,5,3,3,4,gb
4,3,3,3,2,3,3,2,4,3,gb
3,2,5,1,3,4,2,1,1,1,gb
1,1,3,1,3,2,2,1,1,3,gb
4,4,4,5,5,5,4,5,5,5,gb
3,4,4,3,2,2,3,2,2,3,gb
2,3,3,2,1,4,1,2,1,3,gb
3,3,5,4,2,5,3,3,4,4,gb
4,2,4,2,5,3,3,2,1,3,gb
5,5,5,5,4,5,4,3,2,3,gb
5,4,5,4,3,5,2,2,2,2,gb
4,5,5,4,5,5,3,2,1,2,gb
4,4,4,3,4,4,3,3,4,3,gb
4,4,4,4,5,5,2,5,3,5,gb
2,1,3,1,2,5,2,1,1,2,gb
5,5,5,5,3,5,5,2,2,3,gb
5,5,5,5,5,5,5,5,5,5,gb
3,1,1,1,5,1,1,1,1,1,gb
3,3,2,3,3,5,2,4,1,4,gb
4,5,4,5,5,5,3,4,3,4,gb
4,5,4,5,5,1,4,5,3,5,gb
5,5,5,5,3,5,5,3,2,4,gb
3,4,5,4,5,3,4,3,3,2,gb
5,4,5,5,5,5,5,4,3,5,gb
3,3,5,2,4,1,3,2,2,3,gb
5,5,5,5,5,5,5,5,5,5,gb
4,3,3,3,1,5,2,2,1,2,gb
5,5,5,5,4,5,5,4,5,5,gb
5,3,5,4,4,4,4,3,3,4,gb
5,5,5,4,3,5,5,4,4,4,gb
5,5,5,5,5,5,5,5,5,5,gb
2,2,2,1,2,2,1,3,1,2,gb
5,5,4,4,5,5,3,4,3,3,gb
2,2,5,5,1,2,2,2,1,2,gb
1,1,1,1,3,1,1,1,1,1,gb
3,5,3,2,4,4,2,1,4,1,gb
5,4,3,3,5,4,4,1,2,3,gb
4,4,4,2,4,5,3,2,2,2,gb
2,4,5,5,3,5,3,5,3,5,gb
1,1,1,1,1,1,1,1,1,1,gb
4,4,4,3,4,4,4,4,2,3,gb
2,1,2,2,1,1,1,2,1,2,gb
2,2,4,2,4,3,3,2,1,2,gb
4,5,5,5,5,5,4,2,2,3,gb
3,2,5,1,5,5,2,1,2,1,gb
1,1,5,1,1,1,1,1,1,1,gb
2,1,2,1,1,3,1,2,1,2,gb
4,4,4,3,5,4,3,2,4,1,gb
1,1,1,1,5,5,5,3,4,5,gb
2,2,1,1,1,2,1,3,3,3,gb
1,1,1,1,1,5,1,1,1,1,gb
1,2,1,1,2,2,2,1,1,1,gb
1,1,1,1,1,2,1,1,1,1,gb
3,3,3,1,3,3,3,2,3,3,gb
3,1,4,3,3,4,3,1,3,3,gb
1,1,1,1,3,4,3,1,3,1,gb
5,4,4,4,4,4,4,4,4,4,gb
4,3,3,2,3,2,4,1,3,3,gb
4,1,1,1,1,5,1,1,1,1,gb
4,4,4,4,4,3,4,3,4,3,gb
1,1,1,1,1,5,1,1,1,1,gb
4,3,4,3,3,5,2,1,3,2,gb
4,3,3,2,3,5,3,1,1,2,gb
2,3,2,1,2,3,1,2,3,2,gb
3,2,2,1,2,3,2,2,2,1,gb
4,3,4,3,4,5,2,1,4,2,gb
5,5,5,5,5,5,5,4,4,4,gb
3,5,5,5,4,4,3,2,5,3,gb
5,3,3,3,4,3,2,3,2,3,gb
4,3,5,5,4,4,4,3,3,4,gb
4,4,4,5,4,4,4,2,1,4,gb
4,3,4,4,3,2,3,4,2,3,gb
3,2,4,1,3,4,4,1,3,1,gb
3,1,4,2,3,2,2,2,1,3,gb
3,3,3,3,3,2,2,1,3,2,gb
4,4,5,5,4,5,4,4,3,3,gb
5,2,4,3,3,5,2,1,1,1,gb
3,5,4,1,2,5,2,1,1,1,gb
4,3,5,4,4,4,4,4,3,3,gb
4,5,3,4,4,5,2,4,3,2,gb
4,4,3,4,5,5,5,3,3,3,gb
5,5,5,5,5,5,5,5,5,5,gb
4,3,5,3,4,5,4,3,5,3,gb
4,3,3,1,3,1,1,1,1,1,gb
4,3,4,3,4,4,3,2,4,3,gb
4,5,3,3,4,5,2,1,3,2,gb
3,3,1,1,4,1,1,1,4,1,gb
3,5,1,1,1,5,5,5,4,1,gb
3,1,1,1,2,5,1,1,1,1,gb
5,4,5,5,5,5,5,3,4,3,gb
5,5,5,5,5,5,5,5,5,5,gb
3,2,4,1,1,3,3,1,3,1,gb
5,4,5,4,5,4,5,2,3,3,gb
3,1,3,2,2,3,2,3,1,2,gb
4,3,3,3,1,5,2,5,3,4,gb
5,5,5,5,5,5,3,3,2,3,gb
4,4,4,3,3,3,2,1,1,2,gb
5,3,3,1,3,2,1,2,3,3,gb
4,4,4,4,4,4,4,4,3,4,gb
3,3,4,3,4,3,3,2,2,3,gb
3,2,2,3,3,2,2,1,2,1,gb
4,3,5,3,5,3,3,3,3,3,gb
4,3,5,3,5,4,2,3,3,3,gb
4,3,5,4,5,5,3,1,3,2,gb
1,1,1,1,5,5,5,1,1,1,gb
5,5,5,5,5,5,5,5,3,5,gb
4,3,1,2,3,3,2,3,3,2,gb
3,2,2,2,5,5,1,2,2,4,gb
5,5,5,5,5,5,5,4,4,3,gb
4,3,4,3,3,2,2,4,3,2,gb
2,2,3,2,3,4,3,3,2,3,gb
4,3,4,2,4,5,1,1,2,1,gb
1,1,1,1,1,1,1,1,1,1,gb
4,4,4,4,4,5,2,1,3,3,gb
4,4,4,4,5,5,4,4,3,4,gb
4,5,5,5,4,5,3,3,3,4,gb
3,2,4,2,5,5,4,1,3,3,gb
3,3,4,2,1,3,4,1,3,2,gb
3,4,4,3,4,3,3,4,3,3,gb
5,4,5,5,4,4,5,5,5,5,gb
4,4,5,5,5,5,3,4,5,3,gb
5,5,5,5,5,5,5,5,5,5,gb
3,3,5,3,4,5,1,2,3,3,gb
2,2,4,1,4,3,2,1,3,2,gb
4,4,5,4,5,5,4,3,3,3,gb
3,3,4,2,3,5,1,1,3,2,gb
3,3,5,5,5,5,5,4,4,5,gb
5,4,3,4,3,5,2,1,3,1,gb
3,2,4,2,2,3,1,2,2,2,gb
4,4,5,5,4,3,3,3,4,5,gb
3,1,4,1,4,4,3,1,3,1,gb
4,4,5,4,4,5,3,4,2,4,gb
1,1,4,1,4,4,4,4,4,4,gb
3,3,2,3,3,4,3,2,3,3,gb
3,3,4,3,4,3,4,3,2,3,gb
4,2,3,2,3,2,1,2,5,3,gb
4,5,5,5,4,4,5,5,4,5,gb
5,4,4,4,4,5,3,3,5,3,gb
4,4,4,4,3,4,4,3,3,3,gb
4,4,5,3,4,3,3,3,3,3,gb
4,3,5,4,3,5,4,4,3,3,gb
4,4,4,5,4,4,3,4,4,4,gb
4,4,2,2,3,5,2,3,1,3,gb
4,4,4,4,4,5,4,4,3,3,gb
4,4,4,5,5,5,3,3,5,3,gb
3,4,4,4,4,3,4,5,4,3,gb
4,3,5,4,4,5,3,3,5,3,gb
2,1,0,3,1,1,2,4,5,4,gb
3,4,0,5,1,5,2,1,3,3,gb
1,3,0,3,1,4,2,1,1,1,gb
3,4,0,3,2,3,3,1,1,1,gb
3,3,5,3,3,3,3,2,3,3,ugh
3,3,5,5,5,4,5,4,2,4,ugh
2,2,2,2,3,2,3,2,2,2,ugh
4,5,5,4,3,2,5,2,4,2,ugh
3,3,4,2,2,2,3,2,1,2,ugh
4,4,5,5,4,5,2,3,3,2,ugh
3,2,4,2,4,1,2,1,1,2,ugh
1,1,3,1,3,1,3,1,2,1,ugh
5,5,5,5,4,5,5,3,4,5,ugh
4,4,3,3,5,3,4,2,2,2,ugh
1,1,1,1,1,1,2,1,1,1,ugh
4,2,5,4,4,4,2,1,2,1,ugh
2,1,4,1,2,3,1,1,2,1,ugh
5,5,5,5,5,4,4,3,3,5,ugh
2,2,5,1,3,1,3,1,1,3,ugh
4,4,5,5,4,4,4,2,4,3,ugh
5,4,4,4,3,5,3,2,2,4,ugh
5,4,3,4,4,5,4,4,3,4,ugh
2,3,4,3,4,1,4,2,2,5,ugh
3,3,4,3,4,3,4,1,3,3,ugh
1,3,3,3,2,2,2,2,2,2,ugh
1,1,1,1,3,1,2,1,1,3,ugh
3,3,4,4,4,4,4,1,2,3,ugh
5,5,5,5,5,4,5,5,4,5,ugh
3,3,5,5,5,3,4,1,5,3,ugh
2,4,4,3,4,1,4,1,2,1,ugh
4,5,5,5,5,4,3,1,3,1,ugh
4,4,5,4,4,2,3,1,2,3,ugh
5,4,5,3,5,2,3,1,3,1,ugh
4,3,5,5,4,4,4,2,4,1,ugh
1,2,2,2,1,2,3,1,3,1,ugh
2,1,5,3,5,2,4,1,1,1,ugh
1,1,3,1,3,2,2,1,2,2,ugh
1,1,1,1,1,1,1,1,1,1,ugh
3,4,5,1,4,2,3,1,4,1,ugh
2,3,4,2,4,2,4,2,2,1,ugh
1,3,5,3,4,3,4,1,3,1,ugh
1,1,3,1,3,3,4,2,2,1,ugh
3,2,2,2,3,2,4,1,2,3,ugh
2,3,4,3,4,3,4,2,3,2,ugh
1,2,3,1,4,1,1,1,2,1,ugh
5,5,4,5,4,4,5,4,4,4,ugh
5,5,5,5,5,5,5,5,5,5,ugh
5,3,5,4,5,3,4,2,3,3,ugh
4,3,4,3,4,3,4,3,3,3,ugh
2,3,4,3,4,2,3,2,3,2,ugh
2,2,4,3,4,2,3,2,3,2,ugh
3,5,5,3,4,2,3,1,2,3,ugh
5,5,5,5,5,3,5,5,5,5,ugh
4,4,3,4,3,4,4,3,3,4,ugh
3,3,3,3,3,3,3,2,3,3,ugh
5,5,5,5,5,5,5,5,5,5,ugh
5,5,5,5,5,5,5,5,5,5,ugh
4,4,5,5,5,4,3,3,4,3,ugh
4,3,5,5,5,3,3,3,4,5,ugh
3,4,5,5,5,3,2,4,3,4,ugh
4,3,4,4,3,3,3,3,3,3,ugh
3,3,4,3,4,4,3,3,2,2,ugh
4,4,5,5,4,4,4,3,4,3,ugh
3,3,1,2,4,2,4,3,3,2,ugh
4,4,4,4,4,4,3,3,3,4,ugh
3,4,4,3,4,4,4,1,3,1,ugh
4,3,4,3,5,3,4,2,4,3,ugh
4,5,5,5,5,5,5,4,4,4,ugh
4,3,4,2,2,2,4,1,3,1,ugh
4,5,5,5,5,4,4,4,4,3,ugh
2,3,3,3,4,4,2,2,3,2,ugh
5,5,5,5,5,4,5,4,4,4,ugh
4,3,3,4,4,3,3,3,3,3,ugh
4,4,5,4,4,3,2,2,1,3,ugh
4,4,5,5,4,3,4,3,3,4,ugh
3,5,5,5,5,4,4,2,4,3,ugh
3,1,4,2,3,3,4,1,1,2,ugh
4,4,3,4,4,3,5,4,3,4,ugh
4,4,3,5,4,3,5,5,4,4,ugh
4,5,0,5,4,5,5,5,5,5,ugh
5,5,0,5,5,4,5,3,4,5,ugh
3,4,0,5,3,3,4,3,4,3,ugh
2,4,0,4,4,3,4,3,3,3,ugh
3,4,0,5,5,4,4,3,4,4,ugh
4,5,0,4,3,3,4,2,3,2,ugh
4,3,0,4,4,2,4,4,1,3,ugh
3,4,0,3,4,3,4,2,4,2,ugh
5,5,0,4,5,2,4,1,3,3,ugh
4,4,0,4,5,4,4,3,4,4,ugh
4,4,0,4,4,5,4,3,4,3,ugh
2,3,0,1,3,3,2,4,3,2,ugh
4,4,0,5,4,3,5,3,3,3,ugh
3,4,0,5,4,3,5,3,4,4,ugh
4,3,0,3,2,3,4,3,3,3,ugh
4,3,0,3,4,3,4,1,1,2,ugh
4,4,0,4,4,3,4,3,4,3,ugh
3,4,0,3,3,1,3,1,3,3,ugh
3,3,0,1,4,1,5,4,1,1,ugh
3,3,0,3,3,3,2,3,3,3,ugh
4,5,0,5,4,4,4,4,3,5,ugh
4,3,0,3,5,3,4,5,4,3,ugh
5,4,0,4,3,2,5,3,3,4,ugh
3,4,0,3,4,1,3,4,1,2,ugh
3,4,0,3,2,1,3,4,2,4,ugh
4,5,0,5,5,3,4,3,3,5,ugh
4,4,0,5,3,4,2,4,1,5,ugh
2,4,0,4,3,3,2,3,3,4,ugh
4,3,0,2,4,3,2,2,2,2,ugh
3,3,0,3,1,2,4,2,3,3,ugh
3,4,0,3,4,2,5,3,4,3,ugh
5,4,0,5,4,4,4,3,3,5,ugh
3,4,0,4,4,2,4,4,3,4,ugh
3,5,0,4,4,2,3,4,1,3,ugh
2,4,0,3,3,2,4,3,3,3,ugh
4,5,0,4,5,3,4,2,4,3,ugh
4,3,0,4,4,3,4,3,2,4,ugh
3,4,0,1,1,3,3,5,3,3,ugh
3,3,0,5,2,5,5,3,1,3,ugh
1,1,0,1,1,1,1,1,3,1,ugh
2,1,0,1,3,3,2,1,1,2,ugh
5,5,0,5,3,5,4,3,3,4,ugh
2,3,0,1,1,2,3,2,1,2,ugh
2,2,0,1,1,1,3,2,3,2,ugh
1,1,0,1,1,1,1,1,1,1,ugh
4,4,0,5,3,5,5,5,5,5,ugh
5,4,0,5,5,4,3,4,4,4,ugh
5,5,0,5,5,5,5,5,5,5,ugh
5,5,0,5,5,5,5,5,5,5,ugh
5,5,0,5,5,5,5,5,5,5,ugh
3,3,0,3,2,2,5,1,2,2,ugh
3,4,0,3,3,2,2,1,3,1,ugh
2,3,0,3,2,1,2,2,2,3,ugh
3,4,0,5,3,2,4,4,3,4,ugh
1,3,0,1,1,2,4,1,1,1,ugh
3,4,0,5,2,3,4,3,4,3,ugh
4,4,0,5,4,4,4,4,3,4,ugh
5,5,0,5,5,5,5,5,5,5,ugh
3,3,0,3,3,2,3,2,3,3,ugh
2,4,0,5,5,5,4,4,4,3,ugh
5,4,0,5,5,5,3,3,4,4,ugh
4,4,0,3,1,1,3,1,1,2,ugh
4,3,0,5,5,4,4,3,4,3,ugh
4,3,0,5,4,3,4,1,4,2,ugh
4,3,0,5,3,3,4,4,3,4,ugh
5,3,0,5,3,3,2,1,1,3,ugh
4,4,0,5,4,5,4,3,4,3,ugh
5,5,0,5,5,5,5,5,5,5,ugh
5,5,0,5,5,5,5,5,5,5,ugh
5,4,0,5,5,5,5,4,5,5,ugh
5,5,0,5,5,5,5,5,5,5,ugh
3,2,0,1,1,2,2,3,2,4,ugh
4,5,0,5,2,3,4,2,3,2,ugh
3,2,0,5,4,2,4,2,2,2,ugh
5,5,0,5,5,5,5,5,5,5,ugh
4,5,0,5,4,3,4,4,3,3,ugh
5,5,0,5,5,5,5,5,5,5,ugh
1,1,0,1,2,1,1,1,2,1,ugh
4,5,0,5,4,5,5,5,5,5,ugh
4,5,0,5,3,5,4,4,4,4,ugh
3,5,0,3,5,4,4,3,4,3,ugh
4,5,0,3,5,3,4,5,4,4,ugh
2,5,0,5,4,4,3,4,4,3,ugh
3,4,4,3,3,3,4,3,2,4,hp
5,5,5,5,5,5,5,5,4,4,hp
4,4,4,5,5,3,5,2,3,3,hp
5,5,5,5,4,5,5,5,2,5,hp
5,5,5,5,4,5,5,5,4,5,hp
4,3,4,3,1,3,4,2,3,1,hp
5,5,5,5,5,5,5,5,3,5,hp
1,1,2,1,2,2,3,3,1,2,hp
1,1,1,5,1,5,2,1,1,1,hp
3,4,3,4,4,4,3,2,1,3,hp
2,2,4,1,3,4,3,2,3,1,hp
3,3,2,2,2,2,2,2,1,2,hp
3,5,4,3,5,4,5,2,3,4,hp
3,2,5,2,4,2,3,2,2,3,hp
2,2,3,1,3,1,2,2,3,1,hp
4,4,4,3,4,3,2,3,2,2,hp
1,1,1,1,3,1,3,1,3,1,hp
5,5,5,5,5,5,5,5,5,5,hp
5,3,5,4,5,5,3,2,4,5,hp
1,1,1,1,1,1,1,1,3,1,hp
5,5,5,5,5,5,5,5,5,5,hp
4,4,4,4,3,3,4,3,2,3,hp
3,2,2,2,3,2,2,3,1,3,hp
5,3,5,5,4,5,5,3,4,5,hp
5,5,5,5,4,5,5,5,4,5,hp
4,2,4,3,4,4,3,2,4,3,hp
5,5,5,5,3,5,5,5,5,5,hp
3,1,4,2,4,3,3,1,2,1,hp
5,5,5,4,5,4,5,5,5,5,hp
5,5,5,5,5,5,5,5,5,5,hp
3,3,4,4,5,5,4,1,2,3,hp
3,3,3,4,5,4,5,4,3,4,hp
1,1,1,1,1,1,1,1,1,1,hp
4,4,5,5,4,5,4,3,2,3,hp
3,1,4,1,3,3,1,1,1,1,hp
5,5,5,5,3,5,5,3,4,4,hp
4,4,4,4,3,4,4,3,2,4,hp
3,2,3,1,2,3,2,1,1,2,hp
2,1,1,1,3,2,3,1,2,1,hp
3,1,3,2,4,1,3,2,2,2,hp
2,3,3,1,5,5,5,2,2,2,hp
5,5,0,5,3,3,5,2,3,4,hp
5,4,0,5,3,4,4,2,4,4,hp
4,4,0,5,5,3,4,2,3,4,hp
3,2,0,3,2,2,2,1,3,2,hp
3,3,0,3,3,2,4,1,2,3,hp
5,5,0,5,5,5,5,5,4,5,hp
4,3,0,5,5,5,5,4,4,4,hp
3,1,0,1,1,2,2,2,1,1,hp
5,4,0,4,4,3,4,5,4,5,hp
4,4,0,5,4,3,3,3,4,3,hp
4,3,0,4,5,3,4,5,3,5,hp
2,3,0,1,2,4,3,2,1,1,hp
4,3,0,3,2,3,3,1,3,2,hp
4,4,0,4,4,4,3,3,4,3,hp
2,1,0,1,1,1,1,2,2,1,hp
5,4,0,4,1,4,3,1,3,2,hp
5,4,0,5,5,4,3,5,3,5,hp
2,2,0,2,4,2,2,1,1,3,hp
3,2,0,1,2,1,1,1,1,1,hp
4,4,0,3,4,2,3,2,3,2,hp
3,3,0,2,2,1,3,3,2,3,hp
4,4,0,5,4,4,3,4,4,4,hp
5,5,0,5,5,5,5,3,4,3,hp
4,2,0,3,3,2,3,3,3,4,hp
4,3,0,2,4,2,3,1,1,3,hp
4,5,0,5,3,3,4,2,3,4,hp
3,4,0,5,4,4,4,3,4,4,hp
1,2,0,1,1,2,1,1,1,1,hp
3,3,0,3,5,5,4,1,2,2,hp
4,4,0,5,2,5,3,4,2,5,hp
4,5,0,4,3,3,4,5,4,5,hp
2,3,0,3,2,3,4,3,3,3,hp
5,3,0,5,4,5,5,4,3,4,hp
1,3,0,3,1,1,1,1,1,1,hp
5,3,0,5,3,5,4,2,3,3,hp
5,5,0,3,5,5,5,5,5,5,hp
5,3,0,5,5,3,2,5,4,5,hp
3,2,0,3,1,1,3,1,1,1,hp
4,5,0,5,5,5,5,5,4,5,hp
5,5,0,5,5,5,5,5,4,5,hp
3,3,0,1,3,4,4,3,3,2,hp
4,4,0,5,4,4,4,4,4,4,hp
5,5,0,5,5,5,5,5,5,5,hp
5,4,0,5,3,2,1,1,2,1,hp
3,1,0,3,3,5,4,3,3,2,hp
5,4,0,5,3,4,4,3,1,3,hp
4,5,0,5,3,4,4,5,5,5,hp
5,4,0,5,5,4,5,5,4,5,hp
4,4,0,5,5,5,5,4,4,5,hp
5,5,0,5,5,5,5,5,5,5,hp
4,2,0,5,3,4,4,5,2,5,hp
1,1,0,1,4,3,3,2,1,2,hp
1,2,0,1,4,1,3,1,2,1,hp
4,4,0,5,4,5,5,5,3,5,hp
4,4,0,5,3,5,3,3,2,3,hp
5,4,0,5,3,5,4,5,4,5,hp
2,4,0,5,4,5,3,2,2,2,hp
3,1,0,1,1,1,3,2,1,1,hp
4,4,0,5,4,5,4,3,3,3,hp
4,4,0,5,4,5,5,3,3,3,hp
2,1,0,1,2,2,2,1,2,1,hp
1,1,0,1,2,2,3,3,1,2,hp
4,4,0,5,3,2,3,3,3,3,hp
4,3,0,5,4,3,4,4,3,4,hp
5,5,0,5,4,2,4,4,3,4,hp
1,1,0,1,1,2,2,2,1,2,hp
3,1,0,5,3,4,2,2,1,2,hp
3,4,0,5,4,4,4,2,4,3,hp
3,2,0,5,3,4,4,1,4,2,hp
2,2,0,1,2,2,3,2,1,2,hp
3,2,0,3,2,2,2,2,2,2,hp
4,3,0,5,3,2,3,4,3,3,hp
1,1,0,1,1,1,1,1,1,1,hp
5,4,0,3,1,4,3,2,1,2,hp
3,2,0,3,1,1,2,2,1,2,hp
2,1,0,1,2,3,3,1,2,1,hp
1,1,0,1,1,1,1,1,1,1,hp
1,1,0,1,1,1,1,1,1,1,hp
1,1,0,1,1,1,1,1,1,1,hp
1,1,0,1,1,1,1,1,1,1,hp
1,2,0,1,1,1,2,2,1,1,hp
3,3,0,5,4,4,3,2,1,3,hp
3,3,0,5,4,4,3,2,1,3,hp
5,5,0,5,5,5,5,5,5,5,hp
3,3,0,5,3,3,3,3,3,3,hp
4,4,0,5,5,5,5,4,4,3,hp
3,3,0,3,1,1,3,3,3,3,hp
5,5,0,5,3,5,5,5,3,5,hp
3,1,0,5,5,3,4,4,5,4,hp
3,3,0,3,4,2,4,4,3,3,hp
4,4,0,5,4,4,4,4,4,4,hp
4,5,0,5,4,4,5,4,5,4,hp
4,3,0,5,3,4,4,4,4,4,hp
4,4,0,5,2,3,5,4,5,4,hp
2,1,0,3,2,3,2,2,3,3,hp
5,4,0,5,3,5,5,5,5,5,hp
5,4,0,5,2,3,2,3,1,3,hp
3,4,0,5,4,2,5,4,5,5,hp
3,2,0,1,1,2,1,1,1,1,hp
5,4,0,5,4,3,3,4,3,4,hp
5,5,0,5,5,5,5,5,5,5,hp
1,1,0,1,3,1,1,3,1,3,hp
1,5,0,3,1,1,1,1,1,1,hp
5,5,0,5,5,5,5,5,5,5,hp
1,3,0,1,1,2,1,1,1,1,hp
2,3,0,3,3,3,2,3,2,3,hp
5,2,0,3,1,2,1,1,2,1,hp
2,2,0,3,2,1,3,1,1,3,hp
5,5,0,5,5,5,5,5,5,5,hp
5,5,0,5,4,5,4,4,4,3,hp
4,5,0,5,5,4,5,4,4,4,hp
4,3,0,5,4,4,2,2,1,2,hp
4,5,0,5,5,3,4,3,2,3,hp
3,3,0,5,3,3,3,3,3,3,hp
4,4,0,5,5,5,5,4,5,4,hp
3,4,0,5,3,3,3,3,3,4,hp
4,2,4,2,4,5,5,1,5,1,ocad
3,3,4,2,2,5,2,1,1,1,ocad
4,3,4,2,2,4,3,2,2,2,ocad
5,5,4,5,3,5,5,3,5,5,ocad
5,5,5,5,4,5,5,3,3,4,ocad
3,1,2,1,1,5,1,1,1,1,ocad
5,5,4,5,5,5,5,2,3,5,ocad
5,4,5,5,5,5,3,3,5,4,ocad
3,2,3,3,3,5,2,2,5,1,ocad
5,5,5,5,5,5,5,5,5,5,ocad
3,2,4,4,3,3,2,1,5,2,ocad
2,2,3,2,4,2,1,4,4,4,ocad
3,1,4,1,4,2,2,1,2,1,ocad
5,4,5,4,5,5,5,3,5,2,ocad
2,1,2,1,2,5,1,1,1,1,ocad
3,2,2,1,2,5,1,1,1,1,ocad
3,3,2,1,3,4,3,2,3,2,ocad
3,2,1,3,4,4,2,2,2,3,ocad
4,3,2,1,3,5,1,1,1,1,ocad
3,2,4,3,4,4,3,1,5,2,ocad
1,1,1,1,1,1,1,1,5,1,ocad
1,1,1,1,1,1,1,1,1,1,ocad
2,3,4,1,3,5,2,2,1,1,ocad
4,4,4,4,4,4,4,4,4,4,ocad
5,5,5,5,5,5,5,5,5,5,ocad
4,4,5,4,4,5,4,1,1,4,ocad
3,3,5,3,3,3,3,2,3,3,ocad
4,3,4,4,4,4,3,3,3,2,ocad
4,3,4,3,4,5,3,3,3,3,ocad
4,3,2,2,4,3,2,2,2,3,ocad
2,2,3,1,3,4,2,1,4,2,ocad
4,4,3,2,5,5,3,1,1,1,ocad
2,2,3,3,5,5,2,2,3,3,ocad
3,1,2,2,4,5,2,1,5,1,ocad
3,3,3,3,3,3,2,1,3,1,ocad
3,3,3,3,3,3,3,3,3,3,ocad
4,4,3,3,3,5,3,3,4,3,ocad
1,1,3,1,2,4,1,1,1,1,ocad
3,2,3,3,4,4,2,1,2,2,ocad
4,3,3,2,3,4,2,1,2,1,ocad
1,2,2,1,2,3,1,1,1,1,ocad
3,3,4,3,3,4,2,1,3,3,ocad
1,1,1,1,3,4,1,1,1,1,ocad
3,3,4,3,4,5,4,3,3,3,ocad
3,3,5,4,5,5,2,3,4,4,ocad
4,4,4,3,5,4,3,2,4,3,ocad
5,4,4,4,2,5,2,2,2,1,ocad
4,3,3,3,4,5,2,1,1,1,ocad
2,1,2,1,2,3,1,1,1,1,ocad
3,1,4,2,3,4,2,1,3,2,ocad
5,3,4,3,5,5,1,3,3,2,ocad
4,3,5,3,4,4,2,1,3,3,ocad
1,1,2,1,3,5,1,1,1,1,ocad
2,2,3,1,3,4,1,1,3,1,ocad
1,1,2,1,1,4,1,1,1,1,ocad
2,1,2,1,2,5,1,1,2,1,ocad
4,3,4,4,3,5,3,2,5,2,ocad
3,3,2,2,3,5,2,1,4,2,ocad
4,5,3,4,5,4,4,1,3,3,ocad
4,3,4,3,4,5,2,1,4,2,ocad
2,2,3,2,3,3,3,2,3,1,ocad
5,5,5,5,5,5,5,5,5,5,ocad
1,1,1,1,1,1,1,1,1,1,ocad
1,1,3,1,3,1,1,1,1,1,ocad
3,2,4,2,3,4,2,2,3,1,ocad
1,1,2,1,2,4,1,1,1,1,ocad
3,3,3,3,4,4,3,3,2,4,ocad
4,5,5,3,4,5,3,2,1,3,ocad
3,1,2,1,2,5,1,1,2,1,ocad
4,3,4,4,3,4,2,3,3,3,ocad
4,3,4,4,4,5,3,3,2,3,ocad
4,2,4,3,5,4,3,1,3,1,ocad
2,3,0,1,4,4,2,1,3,2,ocad
4,3,0,4,3,5,2,1,3,2,ocad
4,3,0,3,3,4,2,1,4,4,ocad
3,2,0,2,1,3,3,1,1,1,ocad
4,4,0,5,5,5,3,2,4,3,ocad
5,5,0,5,5,5,5,5,5,5,ocad
4,3,0,3,3,4,2,1,3,1,ocad
3,3,0,3,5,5,4,1,1,1,ocad
3,1,0,1,4,3,2,1,3,1,ocad
1,2,0,1,2,3,2,3,4,2,ocad
4,3,0,4,3,5,3,3,4,3,ocad
5,3,0,5,3,5,3,3,4,4,ocad
2,3,0,3,3,5,3,3,4,3,ocad
4,1,0,1,3,4,2,4,3,3,ocad
5,4,0,4,5,5,3,3,3,3,ocad
5,5,0,5,4,5,4,4,5,5,ocad
2,2,0,1,2,2,1,1,2,2,ocad
4,2,0,1,1,3,3,1,3,1,ocad
5,5,0,3,3,5,4,1,2,1,ocad
3,2,0,2,3,3,2,1,3,2,ocad
4,1,0,1,3,3,1,1,3,1,ocad
2,1,0,1,4,5,2,1,2,1,ocad
5,2,0,3,4,4,3,1,3,3,ocad
2,1,0,1,2,4,2,1,1,1,ocad
4,3,0,3,5,5,4,2,4,1,ocad
3,2,0,2,4,3,2,1,2,2,ocad
3,2,0,2,3,4,3,2,2,1,ocad
2,3,0,1,3,4,2,1,2,1,ocad
1,1,0,1,4,5,4,4,3,3,ocad
5,3,0,5,4,5,4,4,5,3,ocad
5,4,0,5,4,5,4,3,5,4,ocad
1,1,0,1,2,5,2,1,1,1,ocad
3,1,0,1,3,4,2,1,1,2,ocad
3,1,0,3,4,2,2,3,4,2,ocad
1,2,0,1,3,4,2,1,1,1,ocad
1,1,0,1,3,5,2,2,1,2,ocad
1,1,0,1,2,3,2,1,1,1,ocad
4,3,0,5,4,4,4,4,3,4,ocad
4,4,0,5,2,5,4,2,2,2,ocad
3,3,0,5,4,3,2,2,2,2,ocad
3,2,0,3,3,2,3,2,3,2,ocad
3,3,0,5,4,5,3,1,3,1,ocad
4,3,0,5,4,4,4,4,4,3,ocad
5,3,0,5,5,5,5,2,5,2,ocad
5,5,0,5,5,5,4,2,5,1,ocad
5,3,0,5,5,5,3,4,3,5,ocad
1,1,0,1,2,1,2,1,1,1,ocad
5,3,0,3,5,3,3,1,2,1,ocad
2,2,0,3,4,3,3,4,5,5,ocad
4,5,0,5,5,5,3,2,4,2,ocad
5,4,0,5,5,5,3,2,4,2,ocad
5,3,0,5,5,5,4,2,1,3,ocad
4,3,0,5,4,4,3,1,3,1,ocad
5,5,0,5,5,5,5,5,5,5,ocad
4,2,0,5,4,4,2,4,3,1,ocad
2,1,0,1,4,4,2,2,2,2,ocad
5,5,0,5,5,5,5,5,5,5,ocad
5,5,0,5,5,5,5,3,5,3,ocad
3,4,0,5,3,4,2,1,3,1,ocad
1,1,0,1,3,4,2,3,2,3,ocad
5,2,0,1,4,4,3,2,3,2,ocad
5,4,0,5,3,5,4,2,3,2,ocad
3,3,0,5,4,4,3,2,2,2,ocad
4,4,3,4,4,4,3,3,4,4,tmu
3,4,4,3,2,4,4,4,2,4,tmu
4,4,3,3,5,5,4,3,2,3,tmu
2,2,4,2,5,4,2,2,4,1,tmu
4,4,3,5,5,5,5,4,5,5,tmu
3,5,3,4,3,3,3,4,4,3,tmu
2,4,1,2,4,3,2,2,2,2,tmu
5,5,5,5,5,5,5,5,5,5,tmu
3,4,1,2,3,4,2,2,3,1,tmu
2,5,1,3,5,4,4,4,3,3,tmu
2,3,2,4,5,3,4,3,5,5,tmu
2,2,3,3,3,3,2,2,2,4,tmu
1,5,1,5,4,4,3,4,5,4,tmu
3,5,2,5,5,5,4,4,4,5,tmu
2,4,2,2,3,2,2,2,3,1,tmu
5,5,3,5,4,4,5,4,4,5,tmu
4,4,4,3,5,3,3,3,2,3,tmu
5,5,5,5,5,5,5,5,5,5,tmu
1,1,1,2,1,1,1,3,3,3,tmu
2,1,2,1,4,3,2,2,5,2,tmu
4,4,2,3,3,4,3,3,3,4,tmu
4,3,1,4,4,3,3,3,5,4,tmu
2,3,1,1,2,5,2,3,5,2,tmu
4,5,4,5,5,5,4,4,3,5,tmu
3,5,3,5,4,5,4,3,3,5,tmu
3,3,1,2,3,3,3,2,3,3,tmu
3,4,1,2,5,2,2,1,2,4,tmu
4,4,2,2,5,3,2,2,2,2,tmu
2,2,2,2,3,3,2,3,2,3,tmu
1,1,1,1,1,1,1,1,1,1,tmu
1,1,1,1,1,1,1,1,1,1,tmu
1,1,1,1,2,1,1,1,1,1,tmu
4,5,1,5,5,4,5,5,5,5,tmu
4,4,3,4,5,4,4,3,3,4,tmu
5,5,4,5,5,4,5,5,5,5,tmu
3,2,1,1,3,4,2,2,5,2,tmu
5,5,2,5,5,2,3,4,2,4,tmu
4,5,3,5,5,5,4,3,4,4,tmu
4,5,2,5,4,5,3,5,5,5,tmu
4,2,1,1,3,5,2,1,1,1,tmu
3,4,3,4,5,5,5,3,5,4,tmu
4,3,3,3,5,2,4,4,4,3,tmu
3,4,5,4,5,4,4,4,4,3,tmu
3,4,3,3,4,5,4,3,2,4,tmu
4,5,3,5,5,3,5,4,5,5,tmu
3,3,3,1,4,3,2,1,3,1,tmu
4,5,2,4,5,5,5,5,4,3,tmu
3,3,1,3,5,5,3,2,5,1,tmu
4,5,2,4,5,4,4,4,5,2,tmu
2,4,1,3,5,4,2,1,2,3,tmu
5,5,3,5,5,5,4,5,3,5,tmu
4,4,4,4,5,5,4,3,5,4,tmu
3,4,1,4,5,5,3,2,3,3,tmu
3,3,2,3,5,4,5,4,4,5,tmu
4,3,2,3,5,5,4,3,3,4,tmu
2,2,1,2,5,1,2,1,2,1,tmu
1,1,1,1,1,3,1,1,1,2,tmu
3,2,2,3,4,4,3,3,3,4,tmu
3,3,1,3,5,5,4,3,4,4,tmu
4,5,2,4,5,4,4,4,4,3,tmu
1,3,1,1,4,4,2,1,2,1,tmu
5,5,4,3,5,5,5,4,5,5,tmu
3,4,1,3,5,3,4,2,4,2,tmu
4,4,1,4,5,5,5,4,4,4,tmu
4,5,3,5,5,5,5,5,5,5,tmu
5,5,2,5,4,5,5,5,5,5,tmu
4,3,4,3,4,3,2,4,2,3,tmu
3,3,1,1,4,4,3,3,1,1,tmu
3,3,1,3,4,3,3,4,4,3,tmu
1,1,1,1,1,1,1,1,1,1,tmu
3,3,2,2,2,3,2,2,1,2,tmu
4,5,4,5,5,5,5,4,5,5,tmu
3,2,2,2,4,4,2,1,4,1,tmu
3,4,2,4,4,3,4,5,3,3,tmu
5,5,4,4,5,5,5,5,5,4,tmu
2,5,4,3,4,3,4,5,5,3,tmu
3,4,2,3,4,3,3,3,3,3,tmu
4,4,5,5,4,5,4,4,4,4,tmu
3,4,1,4,5,2,4,4,3,4,tmu
3,3,3,4,4,5,3,3,3,4,tmu
3,4,1,3,4,4,4,3,4,3,tmu
4,4,3,3,4,5,3,2,2,1,tmu
5,5,5,5,5,5,5,5,5,5,tmu
5,4,3,5,4,4,4,4,4,5,tmu
5,4,3,4,4,4,3,4,4,4,tmu
5,4,3,4,5,4,4,4,4,4,tmu
2,1,1,1,2,1,1,2,4,1,tmu
3,4,2,4,5,5,4,3,3,3,tmu
2,4,2,5,5,4,4,5,3,4,tmu
1,1,1,1,5,3,1,1,1,3,tmu
3,4,3,3,4,4,4,4,5,3,tmu
3,3,2,4,4,4,3,3,4,4,tmu
3,2,1,2,4,1,3,3,3,3,tmu
1,2,2,1,4,2,1,2,2,1,tmu
2,3,1,3,4,3,3,2,3,2,tmu
3,1,4,1,3,1,1,2,3,1,tmu
2,4,3,4,5,5,3,5,5,4,tmu
1,3,2,1,4,5,2,1,1,1,tmu
3,5,2,5,5,4,4,5,5,3,tmu
5,5,5,5,5,5,5,4,5,4,tmu
4,4,4,4,5,4,4,5,5,4,tmu
3,5,1,3,4,5,3,4,4,3,tmu
3,4,2,3,4,4,3,3,3,3,tmu
2,4,1,1,2,2,2,4,3,4,tmu
3,2,2,2,3,3,3,3,3,3,tmu
5,5,1,5,5,5,5,5,5,5,tmu
3,5,5,5,1,5,4,5,4,5,tmu
5,5,5,5,5,5,5,5,5,5,tmu
5,5,3,5,5,3,3,3,3,1,tmu
3,4,1,4,3,4,4,3,4,2,tmu
3,2,3,3,4,2,3,2,3,1,tmu
3,4,1,2,3,3,1,2,5,1,tmu
1,2,1,1,3,1,2,2,3,1,tmu
3,3,2,3,5,4,3,4,4,4,tmu
2,4,1,1,1,1,1,3,2,3,tmu
4,4,3,4,4,4,3,3,4,3,tmu
3,3,2,3,5,3,2,1,4,2,tmu
3,4,4,4,5,5,3,3,5,3,tmu
4,5,2,5,4,5,2,5,5,5,tmu
2,1,2,1,2,3,3,2,2,1,tmu
3,4,2,3,4,3,2,2,4,2,tmu
5,4,2,5,5,5,5,4,5,5,tmu
5,5,2,5,5,4,5,4,3,3,tmu
3,4,3,5,4,5,4,4,5,3,tmu
2,2,1,4,4,5,1,3,5,4,tmu
3,4,3,5,4,5,3,5,5,3,tmu
2,2,2,2,4,4,2,2,4,1,tmu
2,3,3,3,4,3,4,4,4,2,tmu
5,5,5,5,5,5,5,5,5,5,tmu
2,3,4,4,4,4,3,4,3,3,tmu
2,3,2,2,4,4,3,3,5,2,tmu
4,3,4,4,3,4,3,3,3,3,tmu
1,2,1,1,1,5,1,1,1,1,tmu
4,4,3,4,5,5,5,4,5,5,tmu
4,4,3,4,4,5,4,4,4,5,tmu
5,5,4,5,5,5,5,5,5,5,tmu
2,4,3,3,4,4,4,3,4,3,tmu
4,4,5,5,4,4,4,4,4,4,tmu
4,4,3,5,5,4,5,5,5,5,tmu
2,2,3,1,2,3,2,1,4,2,tmu
3,4,2,2,4,2,2,2,3,3,tmu
5,5,3,5,4,5,4,4,5,5,tmu
5,5,3,5,5,5,5,3,2,5,tmu
4,4,5,4,3,5,4,4,5,4,tmu
3,5,4,4,5,5,5,2,4,4,tmu
4,4,3,5,5,5,3,3,5,4,tmu
2,2,3,1,4,2,2,2,3,1,tmu
4,4,3,5,4,5,4,4,4,5,tmu
5,5,3,5,5,5,5,5,5,5,tmu
3,4,3,5,5,5,5,3,5,3,tmu
5,5,3,5,5,5,4,3,5,4,tmu
2,3,5,2,3,4,3,2,1,1,yu_g
3,4,5,4,2,5,2,3,1,4,yu_g
4,4,5,3,4,3,4,3,1,2,yu_g
4,5,5,4,4,4,3,3,1,2,yu_g
5,4,5,5,2,5,2,4,2,3,yu_g
3,3,4,3,1,4,2,4,3,2,yu_g
4,3,4,4,4,4,4,3,4,3,yu_g
3,3,5,4,4,4,3,1,2,2,yu_g
4,5,5,4,5,2,3,3,1,3,yu_g
5,5,4,4,5,4,5,3,4,4,yu_g
5,5,5,5,5,5,5,2,2,2,yu_g
3,2,5,3,5,4,3,2,3,3,yu_g
3,2,4,3,3,3,2,3,1,2,yu_g
1,3,4,5,4,4,4,2,1,4,yu_g
1,1,3,1,3,5,1,1,1,1,yu_g
3,1,5,1,3,1,1,1,1,1,yu_g
1,1,4,1,5,1,1,1,1,1,yu_g
1,1,4,1,3,1,1,1,1,1,yu_g
3,3,5,2,4,2,2,1,1,1,yu_g
5,5,5,5,5,5,5,5,3,5,yu_g
4,4,4,5,4,4,4,3,3,5,yu_g
4,5,5,5,4,5,4,5,3,4,yu_g
5,3,5,4,5,4,3,3,3,3,yu_g
1,1,1,1,1,1,1,1,1,1,yu_g
1,1,5,1,3,2,1,1,2,1,yu_g
5,5,5,5,4,5,4,5,1,5,yu_g
1,1,5,1,3,1,1,1,1,1,yu_g
1,1,4,1,3,1,1,1,1,1,yu_g
1,1,4,1,3,1,1,1,1,1,yu_g
1,1,4,1,3,1,1,1,1,1,yu_g
1,1,5,1,3,1,1,1,1,1,yu_g
1,1,5,1,3,1,1,1,1,1,yu_g
1,1,5,1,3,1,1,1,1,1,yu_g
1,1,5,1,3,1,1,1,1,1,yu_g
3,3,4,3,4,4,2,3,2,3,yu_g
4,3,4,5,2,2,4,4,1,4,yu_g
3,3,4,5,4,4,2,3,3,3,yu_g
1,1,4,1,3,2,1,1,1,1,yu_g
3,3,5,3,4,3,2,3,1,1,yu_g
4,3,4,5,4,5,3,4,3,4,yu_g
4,3,5,5,5,4,4,4,2,5,yu_g
4,3,5,5,3,3,3,3,1,5,yu_g
2,1,4,1,2,2,3,1,1,1,yu_g
2,2,5,1,3,3,3,1,1,1,yu_g
4,3,5,5,3,4,4,4,1,5,yu_g
4,4,4,4,4,5,3,3,1,4,yu_g
4,2,4,2,5,3,2,2,1,1,yu_g
2,2,5,1,3,2,3,1,1,1,yu_g
3,2,5,2,4,4,3,1,1,1,yu_g
3,3,5,2,4,4,4,1,1,1,yu_g
3,4,5,5,5,4,3,2,1,3,yu_g
3,2,5,2,2,3,2,3,1,3,yu_g
3,3,4,4,3,2,3,4,1,3,yu_g
4,3,5,5,3,4,3,4,3,4,yu_g
4,3,3,3,2,3,2,3,2,3,yu_g
3,4,5,4,4,3,5,5,1,5,yu_g
3,2,4,2,3,4,2,1,1,2,yu_g
4,3,5,5,5,4,5,3,1,5,yu_g
2,4,5,3,3,4,3,4,1,5,yu_g
4,3,0,5,5,3,4,3,2,4,yu_g
4,5,0,5,3,4,5,4,1,4,yu_g
4,3,0,5,2,5,5,4,1,3,yu_g
5,4,0,5,3,5,5,5,1,5,yu_g
5,4,0,5,5,3,5,3,3,4,yu_g
4,2,0,5,3,4,3,3,2,4,yu_g
4,3,0,4,5,3,4,3,2,3,yu_g
3,3,0,1,3,4,3,3,1,3,yu_g
4,5,0,5,4,5,4,5,2,5,yu_g
4,4,0,5,3,5,4,5,3,5,yu_g
4,5,0,5,3,4,5,4,2,5,yu_g
3,3,0,3,4,3,4,3,1,2,yu_g
4,3,0,5,4,4,5,4,3,5,yu_g
4,3,0,5,3,4,5,4,3,4,yu_g
4,4,0,5,4,5,4,4,1,3,yu_g
5,5,0,5,5,5,5,5,5,5,yu_g
4,4,0,4,3,4,4,3,3,4,yu_g
3,3,0,5,4,4,4,3,3,5,yu_g
1,2,0,5,3,3,5,5,2,5,yu_g
3,3,0,3,3,5,4,4,1,3,yu_g
4,4,0,3,5,4,4,3,1,4,yu_g
5,5,0,5,5,5,5,5,3,5,yu_g
4,4,0,5,4,5,5,4,1,4,yu_g
3,3,0,4,4,3,5,3,1,3,yu_g
5,4,0,3,4,5,4,5,2,5,yu_g
5,5,0,5,5,5,5,5,5,5,yu_g
3,4,0,1,3,2,3,3,1,3,yu_g
3,3,0,3,3,3,4,4,1,3,yu_g
4,3,0,5,3,4,4,3,2,4,yu_g
4,4,0,5,4,4,5,4,3,4,yu_g
4,5,0,5,3,3,5,5,2,5,yu_g
5,3,0,5,3,3,4,4,4,3,yu_g
3,4,0,5,5,4,5,5,2,5,yu_g
3,1,0,3,4,3,2,2,1,3,yu_g
3,4,0,5,4,3,5,4,3,5,yu_g
3,3,0,5,3,3,4,4,3,3,yu_g
4,5,0,5,4,5,5,5,2,5,yu_g
5,4,0,5,4,3,5,5,2,5,yu_g
3,3,0,5,3,4,5,3,2,3,yu_g
3,1,0,1,4,4,1,1,1,1,yu_g
3,2,0,5,4,4,3,3,4,3,yu_g
3,3,0,5,5,4,4,5,4,5,yu_g
4,3,0,5,4,3,4,2,1,3,yu_g
5,4,0,5,5,5,4,3,1,3,yu_g
5,5,0,5,4,5,5,4,2,4,yu_g
4,4,0,5,4,4,4,4,2,4,yu_g
4,3,0,5,3,3,3,2,1,2,yu_g
5,5,0,1,4,5,5,5,3,5,yu_g
4,3,0,5,5,5,4,4,1,4,yu_g
5,4,0,5,3,4,5,2,1,3,yu_g
4,5,0,5,5,5,5,4,4,4,yu_g
1,1,1,1,2,1,1,1,1,1,yu_k
3,3,3,3,3,3,3,1,3,1,yu_k
4,5,4,3,3,4,3,2,2,4,yu_k
5,5,3,5,5,4,5,5,5,5,yu_k
1,1,2,1,1,1,1,2,3,1,yu_k
3,3,1,3,4,2,2,3,3,2,yu_k
3,2,1,2,2,2,4,3,4,2,yu_k
3,2,1,2,4,1,5,2,4,1,yu_k
1,1,1,1,1,1,1,1,1,1,yu_k
1,1,1,1,1,1,1,1,1,1,yu_k
3,4,4,5,4,2,4,4,5,4,yu_k
1,1,1,1,1,1,1,1,1,1,yu_k
2,3,2,3,4,4,3,3,3,3,yu_k
1,3,2,1,3,3,1,1,3,1,yu_k
2,5,2,4,2,5,4,5,5,3,yu_k
1,1,1,1,3,1,4,3,5,1,yu_k
5,5,4,5,5,5,5,3,3,4,yu_k
2,3,3,4,3,3,4,4,4,2,yu_k
4,4,4,5,4,5,4,5,4,5,yu_k
2,4,1,1,5,2,3,4,2,5,yu_k
1,1,1,1,4,2,3,2,2,1,yu_k
1,1,1,1,2,2,2,2,2,1,yu_k
2,3,3,3,4,3,4,4,4,2,yu_k
2,3,1,2,2,3,2,4,3,2,yu_k
5,3,2,3,4,3,4,3,3,2,yu_k
3,4,3,3,5,5,5,2,3,2,yu_k
2,3,2,4,5,3,5,4,5,4,yu_k
2,3,3,4,4,3,4,2,4,3,yu_k
2,1,1,3,3,1,5,2,5,1,yu_k
5,5,4,4,5,3,3,4,4,3,yu_k
1,1,2,1,2,1,2,2,3,1,yu_k
4,4,4,4,3,4,4,5,5,5,yu_k
4,4,4,4,3,4,5,3,5,3,yu_k
1,1,2,1,1,1,2,1,3,1,yu_k
1,2,1,2,3,1,2,2,1,2,yu_k
3,3,3,3,2,2,3,3,4,3,yu_k
2,1,1,1,3,1,1,1,1,1,yu_k
1,4,2,2,3,1,2,3,3,1,yu_k
3,1,1,1,2,1,1,1,1,2,yu_k
1,1,1,1,1,1,1,1,1,1,yu_k
3,2,2,1,2,3,4,3,2,2,yu_k
2,2,3,1,2,2,3,2,3,2,yu_k
3,4,3,3,4,3,5,3,5,2,yu_k
1,2,2,1,1,2,1,1,3,1,yu_k
4,5,4,4,4,4,5,5,4,4,yu_k
2,4,1,4,1,3,4,5,5,2,yu_k
5,5,5,5,1,5,5,5,5,5,yu_k
5,5,5,5,5,5,5,5,5,5,yu_k
4,5,5,5,4,5,5,5,3,4,yu_k
5,5,5,5,5,5,5,5,5,5,yu_k
5,5,3,5,5,5,5,5,5,5,yu_k
5,5,5,5,5,5,5,5,5,5,yu_k
4,4,1,2,3,4,5,5,3,2,yu_k
2,3,1,2,1,2,2,4,1,3,yu_k
5,5,3,5,4,5,5,3,5,2,yu_k
2,2,1,1,3,1,1,4,2,2,yu_k
2,3,2,3,3,2,4,5,4,4,yu_k
2,3,2,3,3,3,4,3,2,2,yu_k
1,1,1,1,1,3,3,3,3,3,yu_k
2,4,1,3,2,4,4,3,2,2,yu_k
4,2,2,2,3,1,4,2,3,1,yu_k
5,5,5,5,5,5,5,5,5,5,yu_k
5,4,4,5,5,4,5,5,5,5,yu_k
5,5,4,5,5,4,4,4,5,5,yu_k
5,5,5,5,5,5,5,5,5,5,yu_k
2,3,2,4,2,4,3,3,3,3,yu_k
3,3,2,3,4,3,3,3,2,2,yu_k
3,2,1,1,4,2,2,1,2,1,yu_k
1,2,1,4,3,1,2,2,2,3,yu_k
4,5,4,5,4,4,5,4,4,5,yu_k
5,5,3,5,4,5,5,2,4,5,yu_k
2,4,1,2,2,4,2,2,2,3,yu_k
5,4,3,3,3,5,4,3,4,2,yu_k
2,1,1,1,3,2,1,1,3,1,yu_k
1,2,1,2,2,1,2,1,1,1,yu_k
5,5,4,5,5,4,5,4,4,5,yu_k
3,3,3,4,3,4,3,5,4,4,yu_k
3,4,3,3,3,3,4,3,4,3,yu_k
3,5,3,5,4,3,4,5,4,4,yu_k
4,5,4,4,5,5,4,5,5,5,yu_k
5,5,5,5,5,5,5,5,5,5,yu_k
5,5,5,5,5,5,5,5,5,5,yu_k
3,4,4,4,4,4,4,5,3,5,yu_k
5,5,5,5,5,4,5,5,5,5,yu_k
2,2,4,1,4,3,3,1,2,1,yu_k
3,3,2,2,3,2,4,3,3,1,yu_k
3,5,2,3,3,2,5,3,4,4,yu_k
3,3,1,3,2,3,2,3,2,2,yu_k
3,4,3,4,3,4,3,3,3,4,yu_k
2,2,2,2,3,2,2,3,3,4,yu_k
3,5,4,2,1,4,2,3,3,3,yu_k
2,3,3,2,2,1,3,3,3,4,yu_k
1,3,2,1,4,2,4,3,3,1,yu_k
5,5,5,5,5,5,5,5,5,5,yu_k
4,3,3,4,5,4,4,3,4,4,yu_k
3,5,4,5,5,5,4,5,3,5,yu_k
4,2,1,3,3,1,1,4,2,3,yu_k
2,2,3,1,5,1,2,1,1,2,yu_k
5,5,5,5,5,5,5,4,4,5,yu_k
3,3,3,1,3,2,2,3,3,3,yu_k
5,5,2,5,5,5,5,5,5,5,yu_k
4,5,4,5,5,5,5,5,4,5,yu_k
3,4,3,3,3,3,3,2,3,2,yu_k
4,3,2,4,3,3,3,1,3,1,yu_k
4,5,5,5,5,4,5,5,5,5,yu_k
4,4,3,4,4,3,4,4,5,3,yu_k
4,3,4,3,5,4,4,3,5,3,yu_k
2,3,2,4,4,4,4,4,4,4,yu_k
5,5,4,5,5,4,4,3,4,3,yu_k
3,4,4,3,4,3,4,3,3,2,yu_k
5,4,3,5,5,5,5,5,5,5,yu_k
4,3,2,4,5,4,5,5,3,5,yu_k
4,4,3,4,5,3,3,4,3,3,yu_k
4,3,4,4,4,4,4,4,3,3,yu_k
4,3,3,1,5,5,3,2,2,2,yu_k
3,3,3,3,4,4,3,3,4,3,yu_k
4,4,4,4,4,4,3,3,4,3,yu_k
4,5,4,3,4,3,4,4,3,3,yu_k
5,5,4,5,3,5,4,4,4,4,yu_k
5,5,5,4,4,5,5,5,5,5,yu_k
4,4,4,4,3,4,4,3,4,4,yu_k
3,2,2,2,5,5,3,5,4,2,yu_k
5,5,4,5,5,3,5,4,4,4,yu_k
5,5,5,5,5,5,5,5,5,5,yu_k
4,3,3,4,4,3,3,1,2,1,yu_k
5,5,5,5,5,5,5,5,5,5,yu_k
4,4,4,4,4,4,5,4,3,4,yu_k
4,4,2,5,4,4,5,4,3,4,yu_k
5,5,5,5,5,5,5,5,5,5,yu_k
3,4,3,3,4,3,4,5,4,4,yu_k
4,3,3,3,4,5,2,1,1,2,yu_k
3,3,1,1,3,2,2,2,1,1,yu_k
2,2,2,2,4,2,2,2,1,1,yu_k
4,4,2,4,3,4,3,3,4,3,yu_k
5,5,5,5,5,5,5,5,5,5,yu_k
5,5,2,5,5,3,5,2,5,2,yu_k
2,4,3,3,3,4,3,5,4,2,yu_k
3,4,3,5,3,4,5,4,5,2,yu_k
2,2,3,1,3,2,2,3,3,2,yu_k
3,3,3,3,3,4,4,5,5,5,yu_k
1,1,1,1,1,1,1,1,1,1,yu_k
3,2,3,1,3,2,2,2,3,2,yu_k
3,3,3,4,4,4,3,4,4,3,yu_k
1,1,1,1,1,1,1,1,1,1,yu_k
1,1,1,1,1,1,1,1,1,1,yu_k
5,5,5,5,5,5,5,5,5,5,yu_k
5,5,5,5,5,5,5,5,5,5,yu_k
5,5,3,4,3,5,5,3,3,3,yu_k
3,3,4,4,2,3,5,4,4,5,yu_k
1,1,1,1,1,1,1,1,1,1,yu_k
4,1,3,3,4,3,5,4,4,3,yu_k
2,2,1,1,3,3,2,2,1,1,yu_k
